season,Date,HomeTeam,AwayTeam,FTHG,FTAG,season_game,matchday,outcome,p_home_fresh_v2,p_draw_fresh_v2,p_away_fresh_v2,rps_fresh_v2,p_home_carry_v2,p_draw_carry_v2,p_away_carry_v2,rps_carry_v2,p_home_bookmaker,p_draw_bookmaker,p_away_bookmaker,summer_variance_scale
2025/26,2025-08-22,Bayern Munich,RB Leipzig,6,0,1,1,0,0.5038810580788667,0.24215964048711633,0.2539593014340169,0.15531466565889931,0.6154367182118884,0.2088516519853285,0.17571162980278326,0.08938174727379641,0.7728611675686646,0.13343597506365065,0.09370285736768483,1.0
2025/26,2025-08-23,Union Berlin,Stuttgart,2,1,2,1,0,0.8546257137199254,0.1078457501987522,0.037528536081322485,0.011271037065924111,0.7893357738762647,0.1471251469611227,0.06353907916261237,0.024208315374572503,0.2296182072589166,0.25097804049230416,0.5194037522487792,1.0
2025/26,2025-08-23,Leverkusen,Hoffenheim,1,2,3,1,2,0.9134814344957033,0.06779730060650457,0.01872126489779208,0.8986781435660585,0.9205229454210363,0.06364729231597503,0.015829762262988288,0.9079767749469727,0.5515079110525217,0.2283891584593972,0.2201029304880812,1.0
2025/26,2025-08-23,St Pauli,Dortmund,3,3,4,1,1,0.80033548382423,0.14059567671153644,0.05906883946423372,0.32201300723190784,0.7551799585955974,0.16829520124517286,0.07652484015922967,0.28807641051292193,0.23515224600542656,0.2668073560446186,0.49804039794995475,1.0
2025/26,2025-08-23,Freiburg,Augsburg,1,3,5,1,2,0.8965980742931877,0.07980052578219753,0.023601399924614637,0.8786211665277124,0.9069888403091636,0.07445062558962363,0.018560534101212642,0.8929260908345291,0.49582747584721687,0.2677195186392686,0.23645300551351459,1.0
2025/26,2025-08-23,Ein Frankfurt,Werder Bremen,4,1,6,1,0,0.9148209056082541,0.06682592908639366,0.018353165305352227,0.003796158399061769,0.9242090794667911,0.05940116566370822,0.016389754869500586,0.003006443849976754,0.5990364216342167,0.21469889447952015,0.18626468388626316,1.0
2025/26,2025-08-23,Heidenheim,Wolfsburg,1,3,7,1,2,0.8257362979560936,0.1257557438349331,0.04850795820897321,0.7935887696769457,0.8218315107645076,0.1296121340076817,0.04855635522781076,0.7903260206314304,0.34255737604554887,0.2803639619508238,0.3770786620036274,1.0
2025/26,2025-08-24,Mainz,FC Koln,0,1,8,1,2,0.5059983692019412,0.24527699948618104,0.24872463131187764,0.410224514616249,0.5301508079375851,0.2408236594108158,0.229025532651599,0.4377307542300124,0.5035569055740692,0.2605535731254567,0.2358895213004741,1.0
2025/26,2025-08-24,M'gladbach,Hamburg,0,0,9,1,1,0.5188947988569029,0.24229203063550817,0.23881317050758868,0.16314177134431623,0.4811897918791846,0.24605179604469038,0.2727584120761252,0.15297038358351112,0.5170195247426168,0.24179022550152235,0.24119024975586095,1.0
2025/26,2025-08-29,Hamburg,St Pauli,0,2,10,2,2,0.46936635599114973,0.26585227698699215,0.264781367021858,0.3804256072073292,0.46586180849936826,0.2776995369073419,0.2564386545932902,0.38495534950066945,0.39045053756014453,0.3057301379008679,0.30381932453898747,1.0
2025/26,2025-08-30,Werder Bremen,Leverkusen,3,3,11,2,1,0.3226865242298235,0.2750255517327241,0.40228792403745234,0.1329810833729438,0.33259732844739864,0.28189429499739227,0.38550837655520914,0.12961884564228981,0.26897054807070675,0.2482273181423746,0.48280213378691855,1.0
2025/26,2025-08-30,Stuttgart,M'gladbach,1,0,12,2,0,0.4610825678295218,0.2731672204583291,0.2657502117121489,0.18052758686113698,0.564101141562982,0.23523592635909932,0.2006629320779186,0.11513671354840146,0.6099398417413444,0.20035445944933977,0.1897056988093158,1.0
2025/26,2025-08-30,Augsburg,Bayern Munich,2,3,13,2,2,0.27127721255550236,0.2523203390754992,0.4764024483689986,0.17387286106293132,0.209384915143974,0.2423426349655653,0.5482724498904606,0.12394991110890777,0.09963065156054388,0.15507028831600783,0.7452990601234484,1.0
2025/26,2025-08-30,Hoffenheim,Ein Frankfurt,1,3,14,2,2,0.34754797935237164,0.275251782278681,0.37720023836894756,0.2543345705198063,0.3082124494457205,0.2671802260356154,0.4246073245186638,0.21303582249545036,0.35354780054023793,0.2542574733543968,0.39219472610536515,1.0
2025/26,2025-08-30,RB Leipzig,Heidenheim,2,0,15,2,0,0.5493621131461937,0.23998002612785013,0.21065786072595616,0.12372561967685015,0.5376412409077249,0.24385443521135813,0.2185043238809172,0.13075988083200257,0.6518667336346894,0.19450862213293155,0.15362464423237904,1.0
2025/26,2025-08-31,FC Koln,Freiburg,4,1,16,2,0,0.33886208309095045,0.25597339236485683,0.405164524544193,0.3006308185619795,0.3230197910273073,0.25931628273803853,0.417663926234654,0.31637267930922863,0.3746265684126668,0.2848038239394543,0.34056960764787897,1.0
2025/26,2025-08-31,Wolfsburg,Mainz,1,1,17,2,1,0.45189035218560014,0.25295058338272075,0.2951590644316791,0.1456618818573049,0.39393551135580535,0.2614992309230928,0.34456525772110136,0.13695520196778457,0.4565377748794646,0.26641793438171496,0.2770442907388204,1.0
2025/26,2025-08-31,Dortmund,Union Berlin,3,0,18,2,0,0.4753416168243382,0.25016105691072144,0.27449732626494033,0.17530760058155034,0.5299547250602774,0.237703138028287,0.23234213691143552,0.13746271453886583,0.6856935766322951,0.18276520662599927,0.1315412167417056,1.0
2025/26,2025-09-12,Leverkusen,Ein Frankfurt,3,1,19,3,0,0.3596305910040218,0.26431306653442144,0.37605634246155667,0.27574567634171104,0.35568760508287517,0.2650472558386795,0.37926513907844556,0.2794902539820167,0.4440020772027004,0.25588540765102996,0.3001125151462697,1.0
2025/26,2025-09-13,Wolfsburg,FC Koln,3,3,20,3,1,0.461119522196382,0.2562488543780753,0.28263162342554243,0.14625592415538868,0.4362256923022104,0.25986443954207267,0.3039098681557167,0.14132703129348398,0.4932866238198424,0.26193386763479504,0.24477950854536262,1.0
2025/26,2025-09-13,Bayern Munich,Hamburg,5,0,21,3,0,0.6565711761472761,0.19485759412522205,0.14857122972750197,0.07000838367780368,0.6924666453213784,0.17741123826646124,0.13012211641216043,0.05575426470973337,0.8953488372093024,0.058604651162790705,0.04604651162790698,1.0
2025/26,2025-09-13,Union Berlin,Hoffenheim,2,4,22,3,2,0.37859873724029636,0.27025937249841236,0.35114189026129117,0.2821769252068186,0.3769710548622973,0.27943024056366633,0.34359870457403646,0.2864849184204382,0.3309390490178079,0.28449146319074714,0.3845694877914448,1.0
2025/26,2025-09-13,Freiburg,Stuttgart,3,1,23,3,0,0.35217837980533145,0.2659604748718939,0.38186114532277443,0.2827453929494333,0.32385376841966695,0.26167358836771365,0.41447264321261956,0.3144806492259703,0.3657164291072768,0.2779444861215304,0.35633908477119275,1.0
2025/26,2025-09-13,Heidenheim,Dortmund,0,2,24,3,2,0.24689058491352725,0.2380498953024572,0.5150595197840152,0.1480611151355266,0.22520942021383736,0.22692243029233883,0.547868149493824,0.12757124659759603,0.18136603781122354,0.21332481099381798,0.6053091511949585,1.0
2025/26,2025-09-13,Mainz,RB Leipzig,0,1,25,3,2,0.3630620429900668,0.2602328775035293,0.3767050795064039,0.26015530248661967,0.4025926246853338,0.25850316535952667,0.33890420995513976,0.2995642325330321,0.4039416367410752,0.25685998536833543,0.33919837789058926,1.0
2025/26,2025-09-14,St Pauli,Augsburg,2,1,26,3,0,0.3933400482394345,0.25154832131238397,0.3551116304481815,0.24707028357484875,0.3927672373675282,0.2742301220549883,0.33300264057748324,0.23981119332292028,0.43646562175900905,0.2931681736513826,0.27036620458960836,1.0
2025/26,2025-09-14,M'gladbach,Werder Bremen,0,4,27,3,2,0.4631024629049502,0.2521011311349775,0.2847964059600725,0.3629900360381303,0.39556201317181117,0.25219755845919506,0.3522404283689941,0.28803088445206043,0.4741673944586947,0.23824587221576568,0.2875867333255397,1.0
2025/26,2025-09-19,Stuttgart,St Pauli,2,0,28,4,0,0.4631502454135334,0.2555136361236947,0.2813361184627723,0.18367883527562406,0.5343313381141138,0.24110418644031398,0.2245644754455723,0.1336382531473684,0.5399576451680146,0.2376341714675859,0.22240818336439958,1.0
2025/26,2025-09-20,Werder Bremen,Freiburg,0,3,29,4,2,0.3890202471777431,0.2540143908224698,0.3569653619997871,0.2824151491911486,0.376103489236599,0.2570712048567663,0.36682530590663476,0.27118201392808566,0.38734065469745615,0.26419158785071056,0.3484677574518333,1.0
2025/26,2025-09-20,Hoffenheim,Bayern Munich,1,4,30,4,2,0.2304735793648414,0.21894082491493053,0.5505855957202281,0.12754568877969205,0.19223727721357742,0.20718252098049592,0.6005802018059267,0.09824567296994205,0.11587945881166865,0.1508070193954055,0.7333135217929259,1.0
2025/26,2025-09-20,RB Leipzig,FC Koln,3,1,31,4,0,0.5004336323219272,0.24097271053066874,0.25859365714740434,0.1582186176159663,0.4699267286489267,0.24477315724939358,0.28530011410167966,0.18118691405363005,0.49805447470817116,0.24902723735408558,0.2529182879377432,1.0
2025/26,2025-09-20,Augsburg,Mainz,1,4,32,4,2,0.35030865749162876,0.2604529504357253,0.3892383920726462,0.24787294861579715,0.31219423727078277,0.26626743831912997,0.42153832441008715,0.21604157595568765,0.353807163212485,0.2844940639866473,0.3616987728008676,1.0
2025/26,2025-09-20,Hamburg,Heidenheim,2,1,33,4,0,0.44694930905167635,0.2617593778543321,0.29129131309399114,0.19535784792122007,0.4416863111438906,0.26504465816613254,0.293269030689977,0.1988604497629775,0.5173168574500983,0.25001431671110147,0.23266882583880022,1.0
2025/26,2025-09-21,Dortmund,Wolfsburg,1,0,34,4,0,0.45859511038745154,0.2504867486022559,0.29091814101029234,0.18887630963263013,0.49911497244355973,0.23836967034357434,0.2625153572128657,0.15990006180140726,0.6086762551769777,0.20768138320416193,0.18364236161886044,1.0
2025/26,2025-09-21,Ein Frankfurt,Union Berlin,3,4,35,4,2,0.5162994614535636,0.23052010197937428,0.2531804365670622,0.412152297111702,0.5566907659400142,0.21925905123904763,0.22405018282093786,0.45600136383154966,0.5865982922367864,0.22097880871933734,0.19242289904387622,1.0
2025/26,2025-09-21,Leverkusen,M'gladbach,1,1,36,4,1,0.45210827264090353,0.2535658769406468,0.29432585041845,0.14551479820744256,0.5016626288905266,0.2413303322735081,0.2570070388359652,0.1588590056182928,0.6211337328320988,0.2162876391111773,0.16257862805672388,1.0
2025/26,2025-09-26,Bayern Munich,Werder Bremen,4,0,37,5,0,0.6303788994075237,0.1898795214488823,0.17974157914359404,0.0844633966381132,0.6562979856868478,0.18223224005508046,0.16146977425807182,0.07210178132093545,0.8818541548897681,0.08083663086489541,0.03730921424533635,1.0
2025/26,2025-09-27,M'gladbach,Ein Frankfurt,4,6,38,5,2,0.38201326730244056,0.2541289728120092,0.3638577598855504,0.27530554302645804,0.33685286875352516,0.2401462711165378,0.42300086012993743,0.22319893129913604,0.3157475200755786,0.2614253660840812,0.4228271138403401,1.0
2025/26,2025-09-27,Wolfsburg,RB Leipzig,0,1,39,5,2,0.35150893820128,0.24983617533974858,0.39865488645897146,0.24258723960753192,0.3621986651056521,0.2481506823662714,0.3896506525280767,0.2518570994818595,0.3696729435084242,0.26065411298315166,0.3696729435084242,1.0
2025/26,2025-09-27,Heidenheim,Augsburg,2,1,40,5,0,0.3789569298858571,0.24110738543878057,0.3799356846753623,0.2650228097132683,0.4007296299347558,0.2523865221921686,0.3468838478730758,0.23972669017668288,0.34164160025489976,0.2735052136872091,0.3848531860578911,1.0
2025/26,2025-09-27,Mainz,Dortmund,0,2,41,5,2,0.3515490012138872,0.2613127010790234,0.3871382977070892,0.24959308319592294,0.3552021319886745,0.2531159860982275,0.391681881913098,0.24810974368104488,0.2750832418109235,0.25353625159074666,0.47138050659833,1.0
2025/26,2025-09-27,St Pauli,Leverkusen,1,2,42,5,2,0.2877040559732272,0.24009630273608792,0.4721996412906846,0.18067342123856375,0.27585510966363513,0.25350775275922016,0.4706371375771448,0.17816054082002747,0.288751275645504,0.2748846889619629,0.43636403539253305,1.0
2025/26,2025-09-28,Union Berlin,Hamburg,0,0,43,5,1,0.4854062733569462,0.23602809187193138,0.2785656347711221,0.15660903154485836,0.44715267098135963,0.24472603654270214,0.3081212924759381,0.14744212102140336,0.48410971274923537,0.269545851142926,0.24634443610783868,1.0
2025/26,2025-09-28,FC Koln,Stuttgart,1,2,44,5,2,0.3374887683115425,0.2510559652366029,0.41145526645185454,0.23014178606184973,0.28493126868423224,0.2322264068774114,0.4828423244383566,0.1743189446331642,0.37274268278901573,0.2615210758277771,0.36573624138320715,1.0
2025/26,2025-09-28,Freiburg,Hoffenheim,1,1,45,5,1,0.44244384125588787,0.242683949902373,0.31487220884173944,0.14745053028307056,0.47800163270426094,0.243211789429858,0.2787865778658811,0.15310375843305407,0.4121877223866063,0.2740177534739129,0.3137945241394809,1.0
2025/26,2025-10-03,Hoffenheim,FC Koln,0,1,46,6,2,0.453325057800175,0.2402324992503284,0.3064424429494968,0.3432628464856972,0.43399890952756254,0.24646234560909966,0.319538744863338,0.3256912866066376,0.506105692545041,0.2460058049839186,0.2478885024710405,1.0
2025/26,2025-10-04,Augsburg,Wolfsburg,3,1,47,6,0,0.2781431111962504,0.2398257562516712,0.4820311325520781,0.37671569033143415,0.2749350389571105,0.24713520949793508,0.47792975154495454,0.3770680225719743,0.36878596896690674,0.2719538989029703,0.35926013213012314,1.0
2025/26,2025-10-04,Dortmund,RB Leipzig,1,1,48,6,1,0.41446170001966776,0.25514750860280466,0.33039079137752736,0.140468287905131,0.44973226593362775,0.24324076426744182,0.30702696979893024,0.1482623356028543,0.5656326621274125,0.20890536765396875,0.22546197021861894,1.0
2025/26,2025-10-04,Werder Bremen,St Pauli,1,0,49,6,0,0.3895805616528343,0.24754972828130484,0.362869710065861,0.2521431585976756,0.40706777115570825,0.2551474596313064,0.33778476921298556,0.23283358915726468,0.41048965958354056,0.2694904413332386,0.3200198990832208,1.0
2025/26,2025-10-04,Ein Frankfurt,Bayern Munich,0,3,50,6,2,0.22110609336151688,0.2059245627286162,0.572969343909867,0.11562154288118066,0.2157878956615913,0.2055799190350614,0.5786321853033471,0.11205762558814522,0.12897900307187388,0.1709827846032452,0.7000382123248808,1.0
2025/26,2025-10-04,Leverkusen,Union Berlin,2,0,51,6,0,0.49720708189454316,0.24117968800369738,0.26161323010175963,0.16062110033063842,0.5227951549011017,0.24197556841252588,0.2352292766863722,0.1415286383981287,0.5682536646829192,0.23619345475818154,0.19555288055889927,1.0
2025/26,2025-10-05,M'gladbach,Freiburg,0,0,52,6,1,0.3811105142460089,0.24525906673295944,0.37363041902103167,0.14242245704334452,0.3340864576809798,0.24177334767043582,0.42414019464858455,0.1457543329611821,0.36598493003229277,0.2863293864370291,0.34768568353067814,1.0
2025/26,2025-10-05,Hamburg,Mainz,4,0,53,6,0,0.30018584812901605,0.2563278273101482,0.44348632456083603,0.34320998361569177,0.2921691957591934,0.25452662435247886,0.4533041798883281,0.35325456346820816,0.30266824085005906,0.25770956316410865,0.4396221959858324,1.0
2025/26,2025-10-05,Stuttgart,Heidenheim,1,0,54,6,0,0.5642545641664184,0.21891664532242142,0.21682879051116016,0.1184444046221653,0.6174213952492269,0.20016392496924015,0.18241467978153283,0.08982075210642372,0.6883300947103258,0.18209107571136196,0.12957882957831232,1.0
2025/26,2025-10-17,Union Berlin,M'gladbach,3,1,55,7,0,0.3867707483225397,0.2469237946791759,0.36630545699828415,0.25511490146981,0.389778179462305,0.24946851295545494,0.3607533075822399,0.2512568095959326,0.432151028483636,0.2810230676555437,0.2868259038608204,1.0
2025/26,2025-10-18,RB Leipzig,Hamburg,2,1,56,7,0,0.5638086747934737,0.2222014622865197,0.21398986292000666,0.11802726680897438,0.5387763273811295,0.22482517642951436,0.2363984961893563,0.13430576259231405,0.660672564670835,0.18393724811858475,0.1553901872105804,1.0
2025/26,2025-10-18,Wolfsburg,Stuttgart,0,3,57,7,2,0.34870116601032486,0.2660390895473236,0.38525974444235156,0.24974904249002153,0.30321346564892243,0.253088911265159,0.4436976230859188,0.20070537015554346,0.33671884023412907,0.2594979862071022,0.4037831735587689,1.0
2025/26,2025-10-18,Bayern Munich,Dortmund,2,1,58,7,0,0.5291624997770318,0.24833359860547807,0.22250390161749029,0.13559796892560966,0.5550358686021379,0.2351919531969001,0.20977217820096214,0.120998722488915,0.7135873039750292,0.16877891015757213,0.11763378586739877,1.0
2025/26,2025-10-18,Mainz,Leverkusen,3,4,59,7,2,0.29514010342715563,0.26089993810832296,0.44395995846452135,0.19814410422088444,0.3226319950579722,0.2679762762423766,0.40939172869965124,0.22645476718173688,0.36174241704088733,0.271054903019495,0.36720267993961775,1.0
2025/26,2025-10-18,FC Koln,Augsburg,1,1,60,7,1,0.47152060631650794,0.24051820433722257,0.2879611893462697,0.15262666437540265,0.48156149685265437,0.2438484811542392,0.2745900219931068,0.15365057771457186,0.5064009709117958,0.24930509337196102,0.24429393571624314,1.0
2025/26,2025-10-18,Heidenheim,Werder Bremen,2,2,61,7,1,0.3665937634685215,0.2520412950160613,0.38136494151541717,0.13991510301553595,0.34638916102541734,0.25225760299288835,0.40135323598169403,0.14053493545443502,0.3158366310759352,0.2702157843649668,0.413947584559098,1.0
2025/26,2025-10-19,Freiburg,Ein Frankfurt,2,2,62,7,1,0.3543062426035161,0.25319803165790167,0.39249572573858216,0.13979290413543896,0.3745748251137545,0.25315075028624984,0.37227442459999616,0.1394472734101288,0.3801077547067014,0.267328530782735,0.3525637145105637,1.0
2025/26,2025-10-19,St Pauli,Hoffenheim,0,3,63,7,2,0.3365379409997735,0.2542252393878073,0.409236819612419,0.2311294605170082,0.3373241239835693,0.26374443826542465,0.39893143775100603,0.2375354905726776,0.37859868524085455,0.2787961664954144,0.34260514826373106,1.0
2025/26,2025-10-24,Werder Bremen,Union Berlin,1,0,64,8,0,0.3281989798563238,0.2403993990822737,0.43140162106140223,0.3187119846602449,0.36580858940224226,0.24926423638052286,0.38492717421723477,0.2751838373634196,0.4126067227894203,0.2712400740342707,0.316153203176309,1.0
2025/26,2025-10-25,Hoffenheim,Heidenheim,3,1,65,8,0,0.5420846710646745,0.22723522948586003,0.23068009944946538,0.1314498783779813,0.5113086268747227,0.23934131372798328,0.24935005939729402,0.15049735514425155,0.60375264803793,0.21466760819126401,0.18157974377080602,1.0
2025/26,2025-10-25,Hamburg,Wolfsburg,0,1,66,8,2,0.3543804289527136,0.2639635261276115,0.38165604491967464,0.2539673676045442,0.3626679014392996,0.2663606457527417,0.3709714528079584,0.2636024599584579,0.44055488854493646,0.2589431658734866,0.300501945581577,1.0
2025/26,2025-10-25,M'gladbach,Bayern Munich,0,3,67,8,2,0.1685258489831376,0.2019986294822967,0.6294755215345654,0.08284467545878468,0.14712256809953742,0.17551670464734218,0.6773607272531202,0.0628705751814192,0.09000788087436226,0.136940561615994,0.7730515575096437,1.0
2025/26,2025-10-25,Augsburg,RB Leipzig,0,6,68,8,2,0.2585575242032569,0.2459968656552377,0.4954456101415053,0.16071356282379773,0.261603981279631,0.24752615812140444,0.49086986059896465,0.16382507093393567,0.28542855628390196,0.2554623036556708,0.45910914006042725,1.0
2025/26,2025-10-25,Ein Frankfurt,St Pauli,2,0,69,8,0,0.5155666479036408,0.23777155797339253,0.24666179412296682,0.14775885665163793,0.5393317962778882,0.23388277816525624,0.22678542555685535,0.13182341158278058,0.5855396245879575,0.21809037936120315,0.1963699960508394,1.0
2025/26,2025-10-25,Dortmund,FC Koln,1,0,70,8,0,0.5259398336358884,0.2412316184709113,0.23282854789320048,0.13947108702361277,0.5476049846018959,0.23402289360613795,0.21837212179196613,0.1261738167664881,0.6961027931033339,0.17984811940773868,0.12404908748892746,1.0
2025/26,2025-10-26,Stuttgart,Mainz,2,1,71,8,0,0.5388986569478378,0.24121660179001062,0.21988474126215157,0.1304818740022156,0.544765899851113,0.2356004948576129,0.21963360529127368,0.12773850325580502,0.4498530174649835,0.26768113435932905,0.2824658481756874,1.0
2025/26,2025-10-26,Leverkusen,Freiburg,2,0,72,8,0,0.48860745167808295,0.24569707005991043,0.2656954782620068,0.16605821282403038,0.466758248112567,0.2549999644730031,0.2782417874144301,0.18088262910977776,0.4809315137955727,0.27060770414124147,0.2484607820631859,1.0
2025/26,2025-10-31,Augsburg,Dortmund,0,1,73,9,2,0.20841190285237057,0.24120975512691661,0.550378342020713,0.12279757828729454,0.19287889625729615,0.22998917340362385,0.5771319303390803,0.10800983648009274,0.1803216824584128,0.21785470233663445,0.6018236152049526,1.0
2025/26,2025-11-01,Bayern Munich,Leverkusen,3,0,74,9,0,0.5573638285331374,0.22253753772373544,0.22009863374312733,0.12218509443321654,0.5580638011484483,0.22709021979857294,0.21484597905297878,0.1207331992852956,0.7946245325745592,0.12701396095313297,0.0783615064723078,1.0
2025/26,2025-11-01,Union Berlin,Freiburg,0,0,75,9,1,0.368113198221876,0.2795770440734607,0.35230975770466355,0.12981474603952836,0.31723249859489133,0.28595270404674056,0.3968147973583681,0.12904922078366024,0.35777058908051557,0.30315763311495403,0.33907177780453046,1.0
2025/26,2025-11-01,St Pauli,M'gladbach,0,4,76,9,2,0.3657232826302951,0.267692825088793,0.3665838922809118,0.267484742487939,0.36577651163613767,0.2727372251613567,0.36148626320250593,0.2707461242719007,0.4141340031368967,0.2788581396480536,0.3070078572150496,1.0
2025/26,2025-11-01,RB Leipzig,Stuttgart,3,1,77,9,0,0.42640133799056046,0.26299184056961944,0.3106068214398204,0.21274601129198378,0.3660938441668142,0.2595805454834848,0.37432561034970097,0.27097833848344166,0.47640157173363323,0.24983527155182822,0.27376315671453855,1.0
2025/26,2025-11-01,Mainz,Werder Bremen,1,1,78,9,1,0.4302334069079563,0.25353758010818184,0.31622901298386163,0.1425507865361873,0.4458870459550604,0.2488955641683161,0.30521738987662306,0.14598645641681446,0.5308432371250708,0.24165251839275612,0.22750424448217318,1.0
2025/26,2025-11-01,Heidenheim,Ein Frankfurt,1,1,79,9,1,0.27206947820354954,0.23884392100258933,0.48908660079386135,0.1566137520230227,0.26404610929789085,0.23202572625742407,0.5039281644446849,0.16183197137797167,0.24993577557416635,0.23423932590042643,0.5158248985254071,1.0
2025/26,2025-11-02,Wolfsburg,Hoffenheim,2,3,80,9,2,0.3517321693994855,0.24482646795551768,0.40344136264499697,0.23979886339666326,0.3597474123351522,0.2520779677247084,0.38817461994013897,0.25187424818361537,0.3484796886402335,0.2578934565799076,0.3936268547798589,1.0
2025/26,2025-11-02,FC Koln,Hamburg,4,1,81,9,0,0.34808581907774994,0.26108912697990894,0.3908250539423414,0.288868161038281,0.3610993312361374,0.26154783014548505,0.37735283861837726,0.27529461468012906,0.3904989272007494,0.2671270133873258,0.3423740594119247,1.0
2025/26,2025-11-07,Werder Bremen,Wolfsburg,2,1,82,10,0,0.37235655431222925,0.24823684599312773,0.3794065996946428,0.26894283140333436,0.42577421455516573,0.25154702609375196,0.32267875935108237,0.21692841720304526,0.4424870765587547,0.25890201288012243,0.2986109105611228,1.0
2025/26,2025-11-08,M'gladbach,FC Koln,3,1,83,10,0,0.4582402582552117,0.24350409287408054,0.29825564887070793,0.19123002492933333,0.4563390148505168,0.24042224185382532,0.3032387432956579,0.1937605011046182,0.46972536619585586,0.25791286685024445,0.2723617669538996,1.0
2025/26,2025-11-08,Union Berlin,Bayern Munich,2,2,84,10,1,0.16695330547469023,0.19134825522158114,0.6416984393037287,0.21982514660688315,0.14870189578240944,0.1805513653937015,0.670746738823889,0.23600672072608248,0.07407566897193203,0.13659343214682504,0.789330898881243,1.0
2025/26,2025-11-08,Leverkusen,Heidenheim,6,0,85,10,0,0.6493990625419849,0.1877415768524839,0.1628593606055312,0.07472209434164075,0.6465250558930183,0.19320120477018277,0.160273739336799,0.07531610381621698,0.6900031314543467,0.18470447113500676,0.12529239741064663,1.0
2025/26,2025-11-08,Hoffenheim,RB Leipzig,3,1,86,10,0,0.30420929006067177,0.24441521332739152,0.4513754966119367,0.34393227548977345,0.33463191966718303,0.24883061512386567,0.4165374652089511,0.3081090711242382,0.34857426507087313,0.2462081517842369,0.40521758314489004,1.0
2025/26,2025-11-08,Hamburg,Dortmund,1,1,87,10,1,0.26504333611391223,0.251004964879607,0.4839516990064811,0.15222860849482578,0.2520745289600534,0.24177660205928236,0.5061488689806645,0.15986412286041923,0.23693346190935388,0.24908389585342333,0.5139826422372228,1.0
2025/26,2025-11-09,Ein Frankfurt,Mainz,1,0,88,10,0,0.4905502686836302,0.2509423232734603,0.2585074080429096,0.1631825543756923,0.478329491842247,0.24888057333745642,0.2727899348202963,0.173277233810415,0.5166105944507694,0.24650454760595086,0.23688485794327965,1.0
2025/26,2025-11-09,Freiburg,St Pauli,2,1,89,10,0,0.5444213908550066,0.24319429856462818,0.21238431058036505,0.12632948224559185,0.5422367861306621,0.24864800571343448,0.2091152081559033,0.12663816512703602,0.5446603184950642,0.2678163997019929,0.1875232818029428,1.0
2025/26,2025-11-09,Stuttgart,Augsburg,3,2,90,10,0,0.5470323156200101,0.24978304029762186,0.20318464408236822,0.12323186134172437,0.5808993393164503,0.23638171459652518,0.18271894608702427,0.10451578852227039,0.6320719765945838,0.20887043719000284,0.15905758621541335,1.0
2025/26,2025-11-21,Mainz,Hoffenheim,1,1,91,11,1,0.3724592777280837,0.2601729745109866,0.3673677477609298,0.13684248783033193,0.4021186311824439,0.2583208779516205,0.3395604908659359,0.1385003602505787,0.3829936058755996,0.27325948284382673,0.34374691128057355,1.0
2025/26,2025-11-22,FC Koln,Ein Frankfurt,3,4,92,11,2,0.30456718761980656,0.2538815264674692,0.4415512859127246,0.20231306902018517,0.3075958441443759,0.24950736089012074,0.44289679496550316,0.20248959219729978,0.3439187688880024,0.2652016664722198,0.39087956463977774,1.0
2025/26,2025-11-22,Wolfsburg,Leverkusen,1,3,93,11,2,0.2437707332256229,0.2353822366674315,0.5208470301069458,0.14450586946734606,0.23861903364573897,0.239078530072611,0.5223024362816502,0.14256700280023668,0.27308542327279717,0.24800614970692803,0.47890842702027486,1.0
2025/26,2025-11-22,Dortmund,Stuttgart,3,3,94,11,1,0.4551183928275444,0.278608149774997,0.26627345739745856,0.1390171528021616,0.4251889317831919,0.2793150728280336,0.2954959953887747,0.13405175550086726,0.5309385670266218,0.24723093579102237,0.2218304971823557,1.0
2025/26,2025-11-22,Bayern Munich,Freiburg,6,2,95,11,0,0.672170104414755,0.19468724480084285,0.13314265078440216,0.06259970294866495,0.6707652624836768,0.19565812872661442,0.133576608789709,0.06311911140160055,0.811755890433769,0.12384480892515194,0.064399300641079,1.0
2025/26,2025-11-22,Augsburg,Hamburg,1,0,96,11,0,0.4163466736368668,0.26398161916541524,0.3196717071977178,0.22142060287872678,0.4059456952656613,0.26864777572129966,0.3254065290130388,0.2293949630488562,0.3845222591818887,0.2811680103266411,0.3343097304914702,1.0
2025/26,2025-11-22,Heidenheim,M'gladbach,0,3,97,11,2,0.28090000070463816,0.2519423288292795,0.4671576704660825,0.18141287926949895,0.3064913878736543,0.25471181858528025,0.4387967935410659,0.20444300489025416,0.28290067118860757,0.2602081039809652,0.45689122483042727,1.0
2025/26,2025-11-23,RB Leipzig,Werder Bremen,2,0,98,11,0,0.5773960610923322,0.22049153738646549,0.2021124015212024,0.10972175601447176,0.5442797254508198,0.23080472864173132,0.22491554590744917,0.12913398571301296,0.6256403124492965,0.20119138678348744,0.173168300767216,1.0
2025/26,2025-11-23,St Pauli,Union Berlin,0,1,99,11,2,0.2948930395278532,0.2553744161044786,0.44973254436766846,0.19487808874502804,0.30854594661208284,0.26864841591837146,0.42280563746954547,0.2141769666538419,0.3524617042207336,0.31999812620040285,0.32754016957886345,1.0
2025/26,2025-11-28,M'gladbach,RB Leipzig,0,0,100,12,1,0.3620565305401315,0.25625131304581694,0.3816921564140515,0.13838691678738302,0.34672507929883906,0.2502450118678406,0.4030299088333204,0.14132569401449036,0.3330036754395028,0.2532215448654553,0.41377477969504184,1.0
2025/26,2025-11-29,Werder Bremen,FC Koln,1,1,101,12,1,0.3901301895875969,0.24093078759584285,0.3689390228165603,0.14415878369224636,0.42719052416863634,0.2474457316391332,0.32536374419223074,0.14417665498713073,0.432287779213923,0.25395496167919757,0.31375725910687957,1.0
2025/26,2025-11-29,Bayern Munich,St Pauli,3,1,102,12,0,0.7942588073501511,0.12023662137597445,0.08550457127387441,0.02482023503085566,0.780981632312507,0.1306099727335706,0.08840839495392232,0.027892544841411328,0.869176858595575,0.08849800742064037,0.04232513398378452,1.0
2025/26,2025-11-29,Hoffenheim,Augsburg,3,0,103,12,0,0.5214850110155633,0.23692779005122677,0.24158719893320993,0.14367048468558496,0.5145523165238985,0.24400770750661452,0.24143997596948671,0.14697635769422981,0.5488761108207004,0.23523261892315733,0.21589127025614216,1.0
2025/26,2025-11-29,Union Berlin,Heidenheim,1,2,104,12,2,0.577694706637171,0.23196519019013187,0.19034010317269737,0.4946401613035029,0.5430965673015696,0.24970533479724477,0.20719809790118573,0.4617443686931232,0.6185392758651366,0.2359220709901255,0.14553865314473802,1.0
2025/26,2025-11-29,Leverkusen,Dortmund,1,2,105,12,2,0.4611509910808849,0.2638397947601518,0.2750092141589632,0.3691359380646432,0.4459316055967297,0.26429705572948464,0.2897713386737858,0.35163987411965186,0.3514772903778181,0.26969310092702387,0.378829608695158,1.0
2025/26,2025-11-30,Freiburg,Mainz,4,0,106,12,0,0.42231286660583134,0.27195587665291204,0.30573125674125656,0.2135970127188801,0.4070344839151349,0.2759046006421327,0.3170609154427324,0.22606786368358692,0.5542199744982019,0.255232882992593,0.19054714250920504,1.0
2025/26,2025-11-30,Ein Frankfurt,Wolfsburg,1,1,107,12,1,0.5642980308515146,0.2334549777610615,0.20224699138742383,0.17966805657408083,0.5786440476785927,0.2247162311944084,0.1966397211269989,0.18674805691938468,0.49324079904607515,0.24414180254290654,0.2626173984110184,1.0
2025/26,2025-11-30,Hamburg,Stuttgart,2,1,108,12,0,0.28146032017308387,0.2529195650920648,0.46562011473485143,0.36655068136573166,0.2572844800271457,0.24500870476523218,0.49770681520762206,0.3996692087563307,0.3413785894828863,0.2740645014158383,0.38455690910127516,1.0
2025/26,2025-12-05,Mainz,M'gladbach,0,1,109,13,2,0.2868883470211528,0.25395125853756517,0.4591603944412821,0.1874062012987195,0.3635883015664358,0.25613564173189535,0.3802760567016689,0.25812710946659934,0.3575854242071038,0.27949205570210417,0.36292252009079196,1.0
2025/26,2025-12-06,RB Leipzig,Ein Frankfurt,6,0,110,13,0,0.45055410722342554,0.261576117405743,0.28786977537083164,0.19237989833054991,0.4370715462154502,0.262586880403151,0.3003415733813987,0.20354675239073908,0.5438649381971661,0.23611697316852578,0.22001808863430808,1.0
2025/26,2025-12-06,Stuttgart,Bayern Munich,0,5,111,13,2,0.1978531571594098,0.20934667766219095,0.5928001651783991,0.1024787886383425,0.23199290170265893,0.2275248296384657,0.5404822686588755,0.13248862592865676,0.2028043332972313,0.2049572455403017,0.5922384211624669,1.0
2025/26,2025-12-06,Wolfsburg,Union Berlin,3,1,112,13,0,0.3853007324132393,0.27616378397606994,0.33853548361069036,0.2462307316176121,0.40749128542031765,0.2728047118848635,0.3197040026948191,0.22663861309597808,0.47672343542081425,0.2770700308428664,0.24620653373631923,1.0
2025/26,2025-12-06,FC Koln,St Pauli,1,1,113,13,1,0.5478143009348446,0.23433976968237336,0.217845929382782,0.1737786786286903,0.5263959364161549,0.24537863290392162,0.22822543067992335,0.1645897645422386,0.4743134981745194,0.2731299638364508,0.2525565379890298,1.0
2025/26,2025-12-06,Augsburg,Leverkusen,2,0,114,13,0,0.22345661449833104,0.23001001595502246,0.5465333695466466,0.45085917679720255,0.21684399363105084,0.23805077382354237,0.5451052325454063,0.45523652243007173,0.2724036057874404,0.2794485266267707,0.448147867585789,1.0
2025/26,2025-12-06,Heidenheim,Freiburg,2,1,115,13,0,0.2238390293546648,0.2541440187438036,0.5220169519015314,0.4374637752128374,0.2184948026167668,0.24927952407483425,0.5322256733083991,0.4470072704327925,0.195042800335178,0.26341378197441156,0.5415434176904104,1.0
2025/26,2025-12-07,Hamburg,Werder Bremen,3,2,116,13,0,0.4276217115144769,0.2615310249971581,0.3108472634883649,0.21212146317391084,0.43149394049667406,0.25624087375694965,0.3122651857463762,0.21035434296060906,0.3972346602371697,0.27727205629090196,0.32549328347192835,1.0
2025/26,2025-12-07,Dortmund,Hoffenheim,2,0,117,13,0,0.569589415592555,0.22845016653974054,0.20196041786770422,0.11302064077762802,0.5938214766124126,0.2164657664875265,0.1897127569000612,0.10048596149597126,0.5896328293736501,0.21382289416846653,0.19654427645788336,1.0
2025/26,2025-12-12,Union Berlin,RB Leipzig,3,1,118,14,0,0.3035655141817343,0.28791216014603266,0.40852232567223307,0.3259557418048011,0.2963284381708397,0.28319498025780904,0.4204765815713516,0.33597711128850943,0.3107511432397858,0.27710856932778627,0.41214028743242787,1.0
2025/26,2025-12-13,Leverkusen,FC Koln,2,0,119,14,0,0.584246046392295,0.21238685266513033,0.20336710094257474,0.1071047638431125,0.5625738580400854,0.22107041395655858,0.21635572800335606,0.11907571535489875,0.5360068849978715,0.225621502754918,0.23837161224721062,1.0
2025/26,2025-12-13,St Pauli,Heidenheim,2,1,120,14,0,0.4660740155571948,0.2914452155596405,0.24248076888316478,0.17193694007069474,0.4579147693593506,0.298007876513298,0.2440773541273514,0.17671507603826725,0.5166958585230803,0.2744034502890935,0.208900691187826,1.0
2025/26,2025-12-13,M'gladbach,Wolfsburg,1,3,121,14,2,0.5147939959334279,0.24006291470007776,0.24514308936649432,0.41741090689013327,0.5057705291139344,0.24275668132630915,0.25147278955975627,0.4080484064448209,0.4748852142092726,0.25618807608658123,0.26892670970414606,1.0
2025/26,2025-12-13,Ein Frankfurt,Augsburg,1,0,122,14,0,0.519300883049017,0.24233492168311363,0.23836419526786917,0.1439445653115769,0.562972458513333,0.22778409906152153,0.20924344242514561,0.11738794510790282,0.5193655220498519,0.2542443785950846,0.22639009935506366,1.0
2025/26,2025-12-13,Hoffenheim,Hamburg,4,1,123,14,0,0.5708957671998655,0.22315836838433667,0.2059458644157981,0.11327207083848113,0.5506408057102367,0.23051357967253663,0.21884561461722696,0.1249085442649685,0.5614877024595082,0.23215356928614278,0.20635872825434917,1.0
2025/26,2025-12-14,Bayern Munich,Mainz,2,2,124,14,1,0.8046709161857313,0.11120204478387397,0.0841270390303948,0.32728632102560284,0.798524499043432,0.1154945725266207,0.08598092842994717,0.3225170478131199,0.8922282225874618,0.06762150739610237,0.040150270016435785,1.0
2025/26,2025-12-14,Werder Bremen,Stuttgart,0,4,125,14,2,0.3456929828409282,0.259886709027153,0.39442030813191853,0.2431152007942492,0.35262971631372186,0.25120968748012107,0.39616059620615696,0.2444848712007998,0.3353828954723309,0.25936277249860257,0.4052543320290665,1.0
2025/26,2025-12-14,Freiburg,Dortmund,1,1,126,14,1,0.3686372932749178,0.28380654899355034,0.3475561577315317,0.1283443683850816,0.380123511451685,0.2771825154397728,0.3426939731085422,0.13096652158163877,0.24597506809063288,0.2706410916317549,0.48338384027761205,1.0
2025/26,2025-12-19,Dortmund,M'gladbach,2,0,127,15,0,0.5516267173721391,0.24110947906622132,0.2072638035616396,0.1219984424206608,0.5653452996807208,0.23133441223278,0.20332028808649907,0.11513192402860975,0.6364504491759213,0.20495861922614417,0.1585909315979345,1.0
2025/26,2025-12-20,RB Leipzig,Leverkusen,1,3,128,15,2,0.47994193235953575,0.24554096300169034,0.274517104638774,0.37833484494935643,0.4094192490252388,0.26218160360619674,0.3283991473685645,0.30933591336383087,0.46042657956834127,0.2478316537982653,0.2917417666333934,1.0
2025/26,2025-12-20,Stuttgart,Hoffenheim,0,0,129,15,1,0.4470469077529669,0.24670278629426243,0.30625030595277086,0.14682009381382768,0.48256473876897144,0.24328601506544223,0.2741492461655862,0.15401326813816246,0.4858734039663135,0.24789459386036405,0.2662320021733225,1.0
2025/26,2025-12-20,Wolfsburg,Freiburg,3,4,130,15,2,0.3634063326708782,0.2682985494704058,0.36829511785871616,0.2655576103732153,0.33680261448601495,0.2683061042265757,0.3948912812874093,0.2397962812933042,0.39239698553543223,0.2788379725294761,0.3287650419350918,1.0
2025/26,2025-12-20,FC Koln,Union Berlin,0,1,131,15,2,0.39986643346012246,0.27390110795770745,0.32623245858217015,0.30692793223817283,0.40983077004906726,0.27551127755714216,0.31465795239379074,0.31882749114804165,0.3619006342412904,0.29771030767861495,0.3403890580800948,1.0
2025/26,2025-12-20,Augsburg,Werder Bremen,0,0,132,15,1,0.4632621406286162,0.26789225203311895,0.26884560733826474,0.14344488576244413,0.41415801681713726,0.27946636770827654,0.3063756154745861,0.13269644032566785,0.4175239076008075,0.27558943476200604,0.30688665763718653,1.0
2025/26,2025-12-20,Hamburg,Ein Frankfurt,1,1,133,15,1,0.3198617655324548,0.26885644809168613,0.411281786375859,0.13573212842702845,0.3135137215794058,0.26163193242418736,0.42485434599640703,0.13939603446530188,0.3862597867621516,0.28378270047831544,0.3299575127595329,1.0
2025/26,2025-12-21,Mainz,St Pauli,0,0,134,15,1,0.46344621076154235,0.2667430809173094,0.26981070832114845,0.14379010429699585,0.4993789322071939,0.25663780869488517,0.24398325909792076,0.1544535743262202,0.47689092846021464,0.2869786118167663,0.2361304597230189,1.0
2025/26,2025-12-21,Heidenheim,Bayern Munich,0,4,135,15,2,0.11633581954657106,0.1281495951023386,0.7555145853510903,0.03665357044281082,0.11704772737248309,0.13207842598677474,0.7508738466407422,0.03788200538532179,0.060514372163388806,0.10438729198184568,0.8350983358547655,1.0
2025/26,2026-01-09,Ein Frankfurt,Dortmund,3,3,136,16,1,0.34036921415807647,0.29766166198287203,0.3619691238590517,0.12343642428693792,0.35285915386062106,0.28980211212686396,0.35733873401251476,0.12610027664445017,0.27684298991847545,0.2626267282740132,0.46053028180751127,1.0
2025/26,2026-01-10,Freiburg,Hamburg,2,1,137,16,0,0.5463323940287975,0.2450509051167819,0.2086167008544205,0.12466761229151253,0.5592976985702666,0.24180483668625455,0.1988974647434787,0.11688935998342354,0.5351294609499551,0.26391943441946014,0.20095110463058474,1.0
2025/26,2026-01-10,Heidenheim,FC Koln,2,2,138,16,1,0.32697673725183757,0.2596305041109948,0.41339275863716807,0.13890367979875237,0.308194085117859,0.2561529746923926,0.4356529401897483,0.14238853919880332,0.3468323321628706,0.2768746742550189,0.3762929935821106,1.0
2025/26,2026-01-10,Union Berlin,Mainz,2,2,139,16,1,0.48853230459250335,0.2675734836830748,0.24389421172442166,0.14907409957156978,0.46054873360896326,0.27663763247210466,0.26281363391893214,0.14058807110124713,0.45905632194007556,0.2958052895176171,0.24513838854230738,1.0
2025/26,2026-01-10,Leverkusen,Stuttgart,1,4,140,16,2,0.5326300539621556,0.2398446970296756,0.22752524900816842,0.44020600765181017,0.4850555126565491,0.25575861783681075,0.25918586950664024,0.39204221314857024,0.4359718208224151,0.2592579094490628,0.30477026972852217,1.0
2025/26,2026-01-11,M'gladbach,Augsburg,4,0,141,16,0,0.49325414171362103,0.2625373050931954,0.24420855319318358,0.15821459117155343,0.46696325268876654,0.2671353313877462,0.26590141592348776,0.17741586848712754,0.49644341150785276,0.2609338685822945,0.2426227199098528,1.0
2025/26,2026-01-11,Bayern Munich,Wolfsburg,8,1,142,16,0,0.7888186700751851,0.11680274422962789,0.09437858569518683,0.02675243577331863,0.7875725450334535,0.11900200530310263,0.09342544966344392,0.0269268691341904,0.8604363935776039,0.08839028406751749,0.051173322354878543,1.0
2025/26,2026-01-13,Dortmund,Werder Bremen,3,0,143,17,0,0.6241589476570648,0.2218889536492232,0.15395209869371193,0.08247887265922169,0.628132765066417,0.2163828370413607,0.15548439789222243,0.08123031920252774,0.7080050086639769,0.17072461201826394,0.12127037931775926,1.0
2025/26,2026-01-13,Mainz,Heidenheim,2,1,144,17,0,0.5239956574668739,0.23045415745368075,0.2455501850794455,0.1434375137514717,0.5204751256169261,0.23233013142801567,0.24719474295505828,0.1455246730483601,0.5770176008766864,0.2502907515491081,0.17269164757420544,1.0
2025/26,2026-01-13,Stuttgart,Ein Frankfurt,3,2,145,17,0,0.4687122637138681,0.26080416686476127,0.2704835694213705,0.17771401002748394,0.4997427346056201,0.24974928592724965,0.25050797946713016,0.15650578967828366,0.5326929869253058,0.24044247040768166,0.2268645426670126,1.0
2025/26,2026-01-14,Hoffenheim,M'gladbach,5,1,146,17,0,0.4594168039483401,0.25761778166297383,0.28296541438868594,0.18614980879679405,0.46554133861880626,0.2535676477313156,0.28089101364987823,0.18227291113731675,0.5225806451612902,0.23870967741935487,0.23870967741935487,1.0
2025/26,2026-01-14,RB Leipzig,Freiburg,2,0,147,17,0,0.4809980474101489,0.2492803495271988,0.26972160306265225,0.1710563849753825,0.46633178791509977,0.25507019799225894,0.27859801409264123,0.1812093070231288,0.560239211625499,0.2316373663451582,0.208123422029343,1.0
2025/26,2026-01-14,Wolfsburg,St Pauli,2,1,148,17,0,0.5628999524781649,0.23930604867921898,0.19779399884261614,0.11508945876087164,0.5717093209597257,0.23549117735907674,0.19279950168119744,0.11030227680064866,0.5087495084545812,0.2577664176169878,0.233484073928431,1.0
2025/26,2026-01-14,FC Koln,Bayern Munich,1,3,149,17,2,0.17932700327243511,0.1791131645225637,0.641559832205001,0.08031876399578944,0.1773720422287501,0.17698950049398687,0.6456384572772633,0.07851647216261784,0.10154326093635525,0.1401058776262614,0.7583508614373832,1.0
2025/26,2026-01-15,Augsburg,Union Berlin,1,1,150,17,1,0.32275554937855266,0.27511134034966067,0.4021331102717865,0.13294109151575614,0.30354730205982833,0.27906092174371255,0.4173917761964594,0.13317842971211785,0.36287216139286527,0.3002680185327543,0.3368598200743803,1.0
2025/26,2026-01-16,Werder Bremen,Ein Frankfurt,3,3,151,18,1,0.3286388860128146,0.2674288461976163,0.40393226778956925,0.13558239718068396,0.3267108655480934,0.26365739042011976,0.40963174403178704,0.13726907769285385,0.3648234903537571,0.2717670638287408,0.3634094458175022,1.0
2025/26,2026-01-17,Wolfsburg,Heidenheim,1,1,152,18,1,0.5297284355383107,0.2231228351330414,0.24714872932864776,0.17084735491331574,0.5326372158319009,0.22717265820021781,0.24019012596788136,0.17069685015081282,0.5655987671001019,0.2355486137299676,0.19885261916993052,1.0
2025/26,2026-01-17,RB Leipzig,Bayern Munich,1,5,153,18,2,0.31562016640598883,0.2515001069764967,0.4328797266175147,0.21062074696178465,0.2896684121642431,0.24607380008620292,0.46425778774955406,0.1854637534963779,0.22856983163895844,0.21748445874191888,0.5539457096191228,1.0
2025/26,2026-01-17,Hoffenheim,Leverkusen,1,0,154,17,0,0.4041367143117305,0.24303302737616522,0.35283025831210424,0.23977112320590327,0.36491471034256584,0.2495585033026973,0.385526786354737,0.275982114068139,0.4070705670317482,0.2534590323027866,0.33947040066546513,1.0
2025/26,2026-01-17,FC Koln,Mainz,2,1,155,18,0,0.5187175475502268,0.2360886357678349,0.2451938166819383,0.14587640338756208,0.5108215165195502,0.2323317975971122,0.2568466858833376,0.15263290437474328,0.4518767214323854,0.27086558518137227,0.2772576933862424,1.0
2025/26,2026-01-17,Hamburg,M'gladbach,0,0,156,18,1,0.39968990154485645,0.2584377259672493,0.34187237248789415,0.1383143682337193,0.42310909476562664,0.2603725378236928,0.31651836741068046,0.1396025914908553,0.3899553562344591,0.2755989467815385,0.33444569698400234,1.0
2025/26,2026-01-17,Dortmund,St Pauli,3,2,157,18,0,0.6953990157544775,0.194094605449456,0.11050637879606645,0.052496709678980395,0.6932382593846708,0.19538635236926508,0.11137538824606426,0.053253621306154034,0.7238591448077615,0.18451311534315493,0.09162773984908375,1.0
2025/26,2026-01-18,Stuttgart,Union Berlin,1,1,158,18,1,0.47851449203310137,0.2694682522056881,0.25201725576121053,0.14624440814355424,0.49677830397156947,0.25822434675338185,0.24499734927504863,0.15340619222433463,0.5966219864943619,0.23104478888752253,0.1723332246181155,1.0
2025/26,2026-01-18,Augsburg,Freiburg,2,2,159,18,1,0.31223082390637513,0.26103334055339616,0.4267358355402285,0.13979578036573545,0.29664904611540255,0.26067919660998484,0.4426717572746122,0.1419794706248859,0.36347865595506085,0.29419053716362736,0.34233080688131184,1.0
2025/26,2026-01-23,St Pauli,Hamburg,0,0,160,18,1,0.3513382750551009,0.2907371316491295,0.3579245932957696,0.12577429900231787,0.34116623618094194,0.2878955176754344,0.37093824614362353,0.12699479158098892,0.3347331964144543,0.3232303374311397,0.342036466154406,1.0
2025/26,2026-01-24,Heidenheim,RB Leipzig,0,3,161,19,2,0.22440861683011812,0.20735615083953576,0.568235232330346,0.11839002095421848,0.24093191004105424,0.213855327987338,0.5452127619716078,0.1324398085747621,0.20400411812264796,0.2167249291834135,0.5792709526939386,1.0
2025/26,2026-01-24,Ein Frankfurt,Hoffenheim,1,3,162,19,2,0.3315674427395823,0.23998039148707015,0.4284521657733476,0.21830194794702157,0.339327413136053,0.24234555378415062,0.4183270330797963,0.22674326687567897,0.31366283564397257,0.26196979848477037,0.424367365871257,1.0
2025/26,2026-01-24,Bayern Munich,Augsburg,1,2,163,19,2,0.8311585959447534,0.09338263763182567,0.0754587664234211,0.7728005520980781,0.830786868744419,0.0940713700589684,0.07514176119661259,0.77278479158033,0.8414541081793584,0.10101056818444604,0.05753532363619546,1.0
2025/26,2026-01-24,Leverkusen,Werder Bremen,1,0,164,18,0,0.6568007769891949,0.19403267609677793,0.14916654691402698,0.07001818269673749,0.6424285686972805,0.20330385024965375,0.15426758105306573,0.07582790752391985,0.6102472597501912,0.21310221769054294,0.17665052255926586,1.0
2025/26,2026-01-24,Mainz,Wolfsburg,3,1,165,19,0,0.3873656409517069,0.24454615363728002,0.36808820541101295,0.2554048924246065,0.4244827747188363,0.23610938564393125,0.3394078396372322,0.22320887910127155,0.41049998187157827,0.2822957833291034,0.3072042347993184,1.0
2025/26,2026-01-24,Union Berlin,Dortmund,0,3,166,19,2,0.3186446403129786,0.28609898217040114,0.3952563775166205,0.23362462786725402,0.3253227850533807,0.2862378982188825,0.3884393167277368,0.23992069189966278,0.29288074496845895,0.2892760588765395,0.4178431961550015,1.0
2025/26,2026-01-25,M'gladbach,Stuttgart,0,3,167,19,2,0.2770575890223672,0.23347662804454683,0.4894657829330862,0.16870304721550694,0.2709379535348473,0.22316876797608473,0.5058932784890682,0.15877441345396642,0.32728661976570633,0.26110400690449703,0.41160937332979664,1.0
2025/26,2026-01-25,Freiburg,FC Koln,2,1,168,19,0,0.5336808960163566,0.24723580610592683,0.2190832978777169,0.13272549907454217,0.528200009918175,0.24859305361068484,0.22320693647114004,0.1362082835650209,0.4751447394689559,0.26132960670792577,0.26352565382311843,1.0
2025/26,2026-01-27,St Pauli,RB Leipzig,1,1,169,19,1,0.19793914452088524,0.23472040046528533,0.5673404550138296,0.1805275484144795,0.21347539741718077,0.24455771535242332,0.5419668872303959,0.16964992607831395,0.19836935011477874,0.26319955671653605,0.5384310931686852,1.0
2025/26,2026-01-27,Werder Bremen,Hoffenheim,0,2,170,19,2,0.2923792451325278,0.25533378298857556,0.45228697187889655,0.19273759207892766,0.3192583900730739,0.2561984946931685,0.42454311523375743,0.21653827292845973,0.2573630112301238,0.2545807084060143,0.48805628036386184,1.0
2025/26,2026-01-30,FC Koln,Wolfsburg,1,0,171,20,0,0.5430088074290347,0.21794248719251133,0.23904870537845382,0.13299261681527402,0.520651062537158,0.22842086993315963,0.2509280675296825,0.14637014946046822,0.4634280421407755,0.25987815622811444,0.27669380163111007,1.0
2025/26,2026-01-31,Augsburg,St Pauli,2,1,172,20,0,0.4992621371062377,0.2739710365928368,0.22676682630092573,0.1510808004230032,0.4762406333610818,0.2845136345735147,0.23924573206540353,0.1657811972267558,0.4457622647136417,0.3073720191326092,0.24686571615374908,1.0
2025/26,2026-01-31,Hoffenheim,Union Berlin,3,1,173,20,0,0.4452377082861474,0.261485457879411,0.29327683383444125,0.19688625078578018,0.43914652493005607,0.2675712687618799,0.2932822063080639,0.200285536517479,0.5190710410222606,0.2588205466254247,0.2221084123523148,1.0
2025/26,2026-01-31,Ein Frankfurt,Leverkusen,1,3,174,20,2,0.2914734601760424,0.24368284004457402,0.4648436997793837,0.18567452182640676,0.2904074251827353,0.24257261606655556,0.46701995875070923,0.18420209848568092,0.2781059710987912,0.26111060619830956,0.4607834227028991,1.0
2025/26,2026-01-31,RB Leipzig,Mainz,1,2,175,20,2,0.707813891664799,0.15642013316816777,0.1357659751670332,0.6239504774563284,0.669625290446608,0.17266223173692752,0.15771247781646447,0.578923149815892,0.6189287152637939,0.208135320177205,0.1729359645590012,1.0
2025/26,2026-01-31,Werder Bremen,M'gladbach,1,1,176,20,1,0.4049809341817678,0.27969593173212387,0.31532313408610807,0.1317191179703116,0.451548651689715,0.2651712867816482,0.28328006152863716,0.1420718890512339,0.4382871536523929,0.26952141057934503,0.29219143576826195,1.0
2025/26,2026-01-31,Hamburg,Bayern Munich,2,2,177,20,1,0.1842157012462345,0.19855210976887247,0.6172321889848932,0.20745549985236234,0.17702264004768994,0.19567406188067837,0.6273032980716317,0.2124232214305002,0.1040439467684699,0.1578175017481336,0.7381385514833966,1.0
2025/26,2026-02-01,Stuttgart,Freiburg,1,0,178,20,0,0.5358306948739542,0.23983255954304927,0.22433674558299657,0.13289005961998318,0.530175284159988,0.24166975331680482,0.2281549625232069,0.136394975269057,0.5770848613281306,0.22775988473725253,0.19515525393461677,1.0
2025/26,2026-02-01,Dortmund,Heidenheim,3,2,179,20,0,0.7013475378433582,0.18068404352693226,0.1179684186297092,0.05155492047310937,0.7173427337207626,0.1687601670838001,0.11389709919543729,0.0464338396927935,0.7490887949732787,0.15652601686008807,0.09438518816663312,1.0
2025/26,2026-02-06,Union Berlin,Ein Frankfurt,1,1,180,21,1,0.4666547169880576,0.2700259169545389,0.263319366057403,0.1435518567140385,0.4546417298471531,0.2727195474625031,0.27263872269034367,0.14051548781431694,0.43902124113322566,0.2771402525147796,0.2838385063519948,1.0
2025/26,2026-02-07,Mainz,Augsburg,2,0,181,21,0,0.5244596178188428,0.22907878688547212,0.2464615952956848,0.1434409865203476,0.5505003416608887,0.22881733785773803,0.2206823204813735,0.12537531471001068,0.48526005589325916,0.26369874185796155,0.25104120224877935,1.0
2025/26,2026-02-07,Freiburg,Werder Bremen,1,0,182,21,0,0.5335045560436431,0.25416058223339383,0.21233486172296318,0.13135204636747416,0.5419343471867192,0.24794481395587054,0.21012083885741045,0.12698745460469946,0.4476416333214887,0.2814513263398582,0.27090704033865315,1.0
2025/26,2026-02-07,Heidenheim,Hamburg,0,2,183,21,2,0.3562928352174447,0.27920989565100157,0.3644972691315537,0.265404152684269,0.36866288000087993,0.28726020050397294,0.3440769194951469,0.28307370331475945,0.32814154552720515,0.2794558562798453,0.39240259819294954,1.0
2025/26,2026-02-07,St Pauli,Stuttgart,2,1,184,21,0,0.18570683893959983,0.2116459584180708,0.6026472026423296,0.5131285015011818,0.17746800879384836,0.20678633113567596,0.6157456600704756,0.5278507972265912,0.19653299724320228,0.2497063811127159,0.5537606216440817,1.0
2025/26,2026-02-07,Wolfsburg,Dortmund,1,2,185,21,2,0.2527285407670723,0.24005966887618824,0.5072117903567397,0.1533559674408319,0.23436266380837592,0.23396454166804878,0.5316727945235756,0.13712811478835757,0.21084706667880662,0.2260523839873744,0.5631005493338189,1.0
2025/26,2026-02-07,M'gladbach,Leverkusen,1,1,186,21,1,0.26731651073023893,0.23372987072135332,0.4989536185484074,0.16020641518577,0.26078145386290097,0.22442183621458744,0.5147967099225119,0.1665113096129454,0.2707514279356131,0.2581410874564201,0.4711074846079668,1.0
2025/26,2026-02-08,Bayern Munich,Hoffenheim,5,1,187,21,0,0.6568016336416774,0.17592438927418452,0.16727397708413796,0.07288285104028307,0.6896605027724384,0.16621935511889113,0.14412014210867025,0.05854060945043953,0.7705476852740659,0.1337223578996245,0.0957299568263096,1.0
2025/26,2026-02-08,FC Koln,RB Leipzig,1,2,188,21,2,0.30441135738913105,0.23483468970273647,0.4607539529081326,0.19172628690584892,0.3304743719143084,0.23871719886139756,0.4308084292242942,0.21659617736713604,0.28451604559646754,0.24460989894137858,0.47087405546215383,1.0
2025/26,2026-02-13,Dortmund,Mainz,4,0,189,22,0,0.6518924162927414,0.18691659674523617,0.16119098696202253,0.07358071205614845,0.62333390590072,0.19416812119212504,0.18249797290715503,0.08759142827961416,0.5734551574897812,0.22938206299591252,0.19716277951430636,1.0
2025/26,2026-02-14,Werder Bremen,Bayern Munich,0,3,190,22,2,0.14912886120137683,0.14955829502015888,0.7013128437784639,0.0557267172674638,0.1708039001722671,0.1688733988685301,0.6603227009592026,0.07227731989885447,0.11951862661481523,0.16154490183957873,0.7189364715456061,1.0
2025/26,2026-02-14,Stuttgart,FC Koln,3,1,191,22,0,0.659931714726836,0.18049610052328519,0.159572184749879,0.07055486039723975,0.6752350631330396,0.17175115359597104,0.1530137832709893,0.06444274104455104,0.6326981200831708,0.2001529084764171,0.16714897144041213,1.0
2025/26,2026-02-14,Hoffenheim,Freiburg,3,0,192,22,0,0.5296475540542844,0.22689059999069247,0.24346184595502274,0.14025254692147235,0.4961601115337567,0.2356628784138832,0.26817701005236005,0.16288677096515006,0.5528070579591938,0.23973775472720138,0.2074551873136047,1.0
2025/26,2026-02-14,Hamburg,Union Berlin,3,2,193,22,0,0.33212321179748905,0.29178805150468284,0.37608873669782816,0.29375107104533493,0.3229994211408309,0.2932685911590715,0.38373198770009787,0.30279001107995895,0.40256410256410263,0.29871794871794877,0.29871794871794877,1.0
2025/26,2026-02-14,Leverkusen,St Pauli,4,0,194,22,0,0.6360905381635564,0.22108096117361897,0.14282850066282465,0.07641503850784023,0.6367093410390078,0.22056728476257215,0.14272337419842004,0.07617503221544711,0.6238683285732474,0.2227047697743743,0.1534269016523784,1.0
2025/26,2026-02-14,Ein Frankfurt,M'gladbach,3,0,195,22,0,0.4563407136908342,0.26881192190132125,0.2748473644078446,0.18555324665606504,0.48899754989089617,0.26179930907500454,0.24920314103409902,0.1616128547593842,0.44416128820192347,0.2713607870282645,0.284477924769812,1.0
2025/26,2026-02-15,Augsburg,Heidenheim,1,0,196,22,0,0.4667659379869963,0.251354094313084,0.28187996769991946,0.18189744054069784,0.4382191231763812,0.2602667772099627,0.3015140996136558,0.20325425291527383,0.5022299786697693,0.25382974597634284,0.24394027535388793,1.0
2025/26,2026-02-15,RB Leipzig,Wolfsburg,2,2,197,22,1,0.6641259946680472,0.17736253128584284,0.15851147404611016,0.23309461209904686,0.6705944608498499,0.17446655589928928,0.1549389832508609,0.23685150972665567,0.6233703704622899,0.20199340330430424,0.17463622623340588,1.0
2025/26,2026-02-20,Mainz,Hamburg,1,1,198,23,1,0.5024314642432117,0.23450666384714855,0.2630618719096396,0.16081946235709071,0.4877003012549941,0.2388658603720659,0.2734338383729398,0.15630882390578554,0.45681802616259165,0.2727667054767938,0.2704152683606146,1.0
2025/26,2026-02-21,RB Leipzig,Dortmund,2,2,199,23,1,0.4745330746987444,0.24417374864922417,0.28129317665203135,0.15215374510701757,0.44892313205655493,0.24535983240631937,0.3057170355371256,0.14749744215653762,0.47593993851974464,0.2416499172381178,0.2824101442421377,1.0
2025/26,2026-02-21,Union Berlin,Leverkusen,1,0,200,23,0,0.39866581161767173,0.28066957553046684,0.32066461285186126,0.23221430002643378,0.3924578565856386,0.28190284436849394,0.32563929904586775,0.23757420455380018,0.3031454677771489,0.28826716261017227,0.408587369612679,1.0
2025/26,2026-02-21,Wolfsburg,Augsburg,2,3,201,23,2,0.5397663809956285,0.22963809131737714,0.2305955276869948,0.4416654940341862,0.5421294732933277,0.2283631148412016,0.22950741186547075,0.4437815970917731,0.42792292346103766,0.27644578241288276,0.29563129412607964,1.0
2025/26,2026-02-21,Bayern Munich,Ein Frankfurt,3,2,202,23,0,0.7802065412155827,0.12228853229961958,0.09750492648479755,0.02890818760661156,0.7763562532286032,0.12460202422023595,0.09904172255116094,0.02991289413792488,0.8656552587990014,0.085929014660195,0.04841572654080382,1.0
2025/26,2026-02-21,FC Koln,Hoffenheim,2,2,203,23,1,0.301552763138489,0.23205398218922973,0.46639325467228115,0.15422836848013055,0.330760697252475,0.24083562257127356,0.4284036801762512,0.14646617601774967,0.27411180705356447,0.25342412350235205,0.47246406944408353,1.0
2025/26,2026-02-22,St Pauli,Werder Bremen,2,1,204,23,0,0.3273250958909904,0.3205989078038851,0.35207599630512443,0.2882245168961557,0.3259665761961916,0.31723654749698216,0.3567968763068263,0.29081253367349646,0.35425993999908206,0.30186136366481264,0.34387869633610524,1.0
2025/26,2026-02-22,Heidenheim,Stuttgart,3,3,205,23,1,0.23139399595816912,0.21400253067463942,0.5546034733671916,0.1805640970182211,0.20542701083838025,0.19729390636124516,0.5972790828003743,0.19947127976642434,0.21292053676071993,0.22354127612408126,0.5635381871151989,1.0
2025/26,2026-02-22,Freiburg,M'gladbach,2,1,206,23,0,0.4711722763517077,0.2615027535531319,0.2673249700951603,0.1755607004677065,0.46693349021197,0.26208664281587224,0.270979866972158,0.17879499608092012,0.4561657841327006,0.28134775907585724,0.2624864567914422,1.0
2025/26,2026-02-27,Augsburg,FC Koln,2,0,207,24,0,0.3686091326502659,0.2573186518354193,0.37407221551431474,0.2692922248962188,0.34381343131171715,0.2557376855733014,0.4004488831149816,0.2954700604574693,0.43367037771942535,0.2763209486353861,0.2900086736451885,1.0
2025/26,2026-02-28,Werder Bremen,Heidenheim,2,0,208,24,0,0.4783970429251712,0.27461887509093547,0.24698408198389335,0.16653539079131616,0.5057277790418325,0.2636765189646689,0.23059570199349805,0.14873970309439696,0.5875512823032879,0.22329739945018068,0.18915131824653134,1.0
2025/26,2026-02-28,Dortmund,Bayern Munich,2,3,209,24,2,0.2630858346618125,0.19803395330285697,0.5388802120353303,0.14092280762614212,0.2961301045203295,0.20957245735335145,0.49429743812631904,0.17171405994441272,0.22310744820055453,0.21444802669505356,0.5624445251043919,1.0
2025/26,2026-02-28,M'gladbach,Union Berlin,1,0,210,24,0,0.334170065636893,0.2874585402125744,0.3783713941505329,0.29324720670269855,0.33975750298909324,0.2911324760187825,0.3691100209921243,0.28608118122800186,0.4004150481562284,0.28829883467248446,0.3112861171712872,1.0
2025/26,2026-02-28,Hoffenheim,St Pauli,0,1,211,24,2,0.7234535890213727,0.1653622007155365,0.11118421026309082,0.6566893017767754,0.6959146964092263,0.180814898028264,0.1232704055625098,0.6264760232204359,0.6224093562712679,0.22377098284990818,0.15381966087882395,1.0
2025/26,2026-02-28,Leverkusen,Mainz,1,1,212,24,1,0.6077660995577493,0.20591833528476175,0.18631556515748904,0.20204656079579725,0.6176780379321107,0.2024442217210702,0.1798777403468194,0.20694108000796982,0.5583906515790252,0.2345240736631906,0.2070852747577842,1.0
2025/26,2026-03-01,Ein Frankfurt,Freiburg,2,0,213,24,0,0.47750816879946845,0.2715836740396413,0.25090815716089043,0.16797630850057937,0.4831528875413164,0.26711647378990216,0.2497306386687813,0.16474816477339826,0.4221246581258097,0.2716280408809558,0.3062473009932345,1.0
2025/26,2026-03-01,Hamburg,RB Leipzig,1,2,214,24,2,0.29525219848372364,0.2411640849401029,0.46358371657617314,0.18745814491585155,0.30126064342094167,0.24128814949590024,0.4574512070831583,0.19255858398496098,0.25244618395303325,0.24266144814090015,0.5048923679060665,1.0
2025/26,2026-03-01,Stuttgart,Wolfsburg,4,0,215,24,0,0.6794472256302295,0.169924246551217,0.15062852781855354,0.06272151727447087,0.6730676098091505,0.17324652799917067,0.153685862191679,0.06525206599675078,0.6844788936041284,0.1736548304143807,0.14186627598149104,1.0
2025/26,2026-03-04,Hamburg,Leverkusen,0,1,216,24,2,0.2696014471271626,0.2623195979925015,0.46807895488033546,0.177812469267128,0.27503594026742156,0.2698043663219598,0.45515969341061846,0.18624786406159793,0.26510003670051274,0.2585273085178554,0.47637265478163193,1.0
2025/26,2026-03-06,Bayern Munich,M'gladbach,4,1,217,25,0,0.6965863784231551,0.16441019248907376,0.13900342908777116,0.05569088952826795,0.7144486029086646,0.15494434079863145,0.130607056292704,0.04929890176712952,0.7783720052332466,0.13302685400172717,0.08860114076502618,1.0
2025/26,2026-03-07,RB Leipzig,Augsburg,2,1,218,25,0,0.6970384658268042,0.17388604780767944,0.12907548636551625,0.05422308618453555,0.680306988180033,0.18401826577140465,0.13567474604856236,0.06030562926093172,0.7043744709262815,0.17284465799482554,0.1227808710788931,1.0
2025/26,2026-03-07,FC Koln,Dortmund,1,2,219,25,2,0.28640509020045296,0.24581094279674157,0.4677839670028052,0.18264089073600026,0.2841502815445904,0.24024999311873774,0.4755997253366719,0.17786851528442194,0.23257551250454392,0.23788815111505382,0.5295363363804023,1.0
2025/26,2026-03-07,Freiburg,Leverkusen,3,3,220,25,1,0.2883517165631669,0.2638000687296791,0.44784821470715425,0.14185736793065507,0.2972877126457744,0.26854358411472273,0.4341687032395028,0.13844122348141402,0.3196099411507222,0.27882885073683183,0.40156120811244594,1.0
2025/26,2026-03-07,Heidenheim,Hoffenheim,2,4,221,25,2,0.2840748759644395,0.21661414371671878,0.4993109803188419,0.16569401479174545,0.2784853248346715,0.21963757870969927,0.5018770964556293,0.16284025159187349,0.17262150445643498,0.2054838039919051,0.6218946915516599,1.0
2025/26,2026-03-07,Mainz,Stuttgart,2,2,222,25,1,0.3532090672185064,0.2202999790569159,0.42649095372457757,0.15332558938713364,0.3374865493471041,0.21907175331932238,0.44344169733357325,0.15526885496214798,0.27027672895856236,0.24876929694594466,0.48095397409549306,1.0
2025/26,2026-03-07,Wolfsburg,Hamburg,1,2,223,25,2,0.4037721038613993,0.25591712736120725,0.3403107687773934,0.29911089682386716,0.4163081607748063,0.25297208602570515,0.33071975319948854,0.31062426674252774,0.3668807026625092,0.2786986940106895,0.35442060332680136,1.0
2025/26,2026-03-08,St Pauli,Ein Frankfurt,0,0,224,25,1,0.26312785806355415,0.2844374956436547,0.4524346462927909,0.13696668942759843,0.24943087244874462,0.2816789789405422,0.4688901486107134,0.14103686579735927,0.3701787626657879,0.2866628223082626,0.3431584150259494,1.0
2025/26,2026-03-08,Union Berlin,Werder Bremen,1,4,225,25,2,0.4700994845268491,0.29456013666407727,0.2353403788090734,0.4028489308161301,0.4587020726671006,0.2965845406451115,0.24471338668778791,0.39043272985886257,0.3960571274059143,0.29517465155723804,0.3087682210368477,1.0
2025/26,2026-03-13,M'gladbach,St Pauli,2,0,226,26,0,0.5774390602361537,0.25485883191360187,0.1677021078502445,0.10334087239576001,0.5652571700932729,0.25735449248270514,0.17738833742402182,0.11023397520468405,0.4909610506373823,0.28416230506587886,0.22487664429673868,1.0
2025/26,2026-03-14,Hamburg,FC Koln,1,1,227,26,1,0.42860912148694685,0.2689837141662019,0.3024071643468518,0.1375779360350579,0.45302754129023715,0.2625266313544654,0.28444582735529705,0.1430716909336586,0.40323000781453505,0.2719458192237562,0.32482417296170873,1.0
2025/26,2026-03-14,Leverkusen,Bayern Munich,1,1,228,26,1,0.305099080246757,0.21383344616500088,0.48106747358824203,0.16225568145599556,0.3240916717448118,0.21719083212611343,0.458717496129075,0.15772857647463728,0.19085049186766412,0.2006586541906276,0.6084908539417083,1.0
2025/26,2026-03-14,Ein Frankfurt,Heidenheim,1,0,229,26,0,0.5419909040966561,0.2380225400259547,0.21998655587738897,0.1290832083484971,0.5531530681752123,0.23529071743758326,0.21155621438720446,0.12221410616353567,0.5829338611816343,0.22031068462498388,0.19675545419338183,1.0
2025/26,2026-03-14,Hoffenheim,Wolfsburg,1,1,230,26,1,0.6645756884721175,0.17754273741338078,0.15788157411450185,0.23329371857653092,0.6435101456129446,0.18287136124612,0.17361849314093536,0.2221243443336611,0.6657929389807662,0.188886930374825,0.1453201306444087,1.0
2025/26,2026-03-14,Dortmund,Augsburg,2,0,231,26,0,0.631936172876901,0.20541166744979455,0.1626521596733044,0.08096335294144633,0.6415679777869698,0.19895103553716106,0.15948098667586935,0.07695384982941544,0.6133398451126769,0.20993511477011093,0.17672504011721202,1.0
2025/26,2026-03-15,Werder Bremen,Mainz,0,2,232,26,2,0.44160675249058917,0.2533189129734518,0.3050743345359591,0.33896910218296233,0.4263064843990614,0.25090271210221643,0.32279080349872213,0.3201747572332968,0.4192169001499825,0.26984076331493123,0.3109423365350864,1.0
2025/26,2026-03-15,Freiburg,Union Berlin,0,1,233,26,2,0.40881789018928677,0.27804727597416584,0.31313483383654744,0.3194579119137836,0.3985849624015347,0.28557122178454486,0.3158438158139207,0.31346982830634473,0.49662450863100327,0.2651469834216373,0.2382285079473594,1.0
2025/26,2026-03-15,Stuttgart,RB Leipzig,1,0,234,26,0,0.42647787169453455,0.2188888079412968,0.35463332036416845,0.22734621178427292,0.4798221253179368,0.21081003298862475,0.3093678416934385,0.18314674139140236,0.390824590538105,0.23989233178809513,0.3692830776737999,1.0
2025/26,2026-03-20,RB Leipzig,Hoffenheim,5,0,235,27,0,0.4888410929696848,0.2298937500875678,0.2812651569427477,0.17019675837322734,0.501900468430517,0.22766205282240842,0.27043747874707463,0.16061978663040635,0.4930695202528009,0.23538494685435218,0.2715455328928469,1.0
2025/26,2026-03-21,Heidenheim,Leverkusen,3,3,236,27,1,0.1946431172844597,0.19684390421167813,0.6085129785038622,0.20408699405692685,0.1847142260519664,0.19208442673666237,0.6232013472113709,0.2112496322360225,0.1785639168329631,0.2046857125268682,0.6167503706401687,1.0
2025/26,2026-03-21,FC Koln,M'gladbach,3,3,237,27,1,0.37519905913338103,0.27582646411612805,0.3489744767504911,0.13127875969892666,0.3784262800243218,0.2818565131924859,0.3397172067831925,0.12930711499881034,0.40796503156872277,0.2792617775619233,0.31277319086935407,1.0
2025/26,2026-03-21,Bayern Munich,Union Berlin,4,0,238,27,0,0.7374009145216889,0.14684831820937394,0.11575076726893686,0.0411782599086965,0.7333822360182369,0.14835966882808646,0.11825809515367679,0.04253500457000557,0.8301656274712479,0.10819921096222723,0.061635161566524974,1.0
2025/26,2026-03-21,Wolfsburg,Werder Bremen,0,1,239,27,2,0.35711004153880993,0.271335579590276,0.37155437887091414,0.2612357402420865,0.368056146260166,0.2751528592506833,0.3567909944891509,0.2745915757850702,0.4017120048731225,0.26257153391148225,0.33571646121539517,1.0
2025/26,2026-03-21,Dortmund,Hamburg,3,2,240,27,0,0.6358466291730036,0.20736096048471683,0.1567924103422797,0.07859576871280285,0.6438102710283037,0.20457170034438918,0.15161802862730722,0.0749295748148807,0.6668340457066264,0.19670209298040653,0.1364638613129671,1.0
2025/26,2026-03-22,Mainz,Ein Frankfurt,2,1,241,27,0,0.5237655100836038,0.2530889406623503,0.22314554925404606,0.13829661276890992,0.5110201486694714,0.2548636683917958,0.23411618293873257,0.14695584106051401,0.436941433453512,0.26764218858263555,0.29541637796385245,1.0
2025/26,2026-03-22,St Pauli,Freiburg,1,2,242,27,2,0.2846221495531367,0.3062644746884143,0.4091133757584491,0.21507838536191196,0.28587941420367574,0.31040075620515856,0.4037198295911658,0.21863854054411264,0.3525264394829612,0.3125734430082256,0.33490011750881316,1.0
2025/26,2026-03-22,Augsburg,Stuttgart,2,5,243,27,2,0.3026350172246221,0.23110136179624347,0.46626362097913454,0.1882312379704262,0.28855579559425876,0.2286537308984021,0.48279047350733895,0.17538507073289905,0.27819995738747866,0.2506775017101077,0.47112254090241357,1.0
2025/26,2026-04-04,Leverkusen,Wolfsburg,6,3,244,28,0,0.6857504268907867,0.17953852841638282,0.13471104469283066,0.05844992988077828,0.6792505757908743,0.18377335234496922,0.13697607186415645,0.06082131869691009,0.6608486307553415,0.19229611796569362,0.1468552512789648,1.0
2025/26,2026-04-04,Freiburg,Bayern Munich,2,3,245,28,2,0.21984301569848053,0.18497460904894816,0.5951823752525716,0.10610413042877616,0.21110307546559465,0.18039683580703605,0.6085000887273692,0.09891834449875514,0.17247700930103785,0.20315621702920508,0.624366773669757,1.0
2025/26,2026-04-04,Hoffenheim,Mainz,1,2,246,28,2,0.5818801157099116,0.2103136623555509,0.2078062219345371,0.4830777255321057,0.5414931719250353,0.21860351967747116,0.23990330839749344,0.4354809179132559,0.5535609090627229,0.23824140390041237,0.20819768703686484,1.0
2025/26,2026-04-04,Hamburg,Augsburg,1,1,247,28,1,0.4812593938348686,0.24020985525228775,0.27853075091284335,0.15459499167918883,0.4593693733616282,0.2495905669412972,0.2910400596970746,0.14786226876556585,0.3958544911718282,0.27839025046802157,0.3257552583601503,1.0
2025/26,2026-04-04,M'gladbach,Heidenheim,2,2,248,28,1,0.5866772383979183,0.23777630594952293,0.1755464556525586,0.18750337007319182,0.5511539078400001,0.24535372391974486,0.20349236824025513,0.1725898870296654,0.5911462595318208,0.22273046271459598,0.1861232777535832,1.0
2025/26,2026-04-04,Stuttgart,Dortmund,0,2,249,28,2,0.44896960543354214,0.23811663780265854,0.3129137567637994,0.33683060612379306,0.4720237213777341,0.22988469306194245,0.2980915855603237,0.3577409079022527,0.4025051780254463,0.24359404280501032,0.3539007791695434,1.0
2025/26,2026-04-04,Werder Bremen,RB Leipzig,1,2,250,28,2,0.26919361673043435,0.24452110681234518,0.4862852764572203,0.16818401023652316,0.27455558304346667,0.25307640509353735,0.4723680118629962,0.1768881415428727,0.2514424536896447,0.23747342848466446,0.5110841178256909,1.0
2025/26,2026-04-05,Union Berlin,St Pauli,1,1,251,28,1,0.5069226590483038,0.2919781059476929,0.2010992350040034,0.1487057422878991,0.5154523470156548,0.28752668689002686,0.1970209660943187,0.15225419156234277,0.46053670977497907,0.29543864400659037,0.24402464621843045,1.0
2025/26,2026-04-05,Ein Frankfurt,FC Koln,2,2,252,28,1,0.4761944959270771,0.27725352982011403,0.24655197425280884,0.14377453697960035,0.5054487533804526,0.2702715275523737,0.22427971906717412,0.15288991733935198,0.4940061732826071,0.25367884573971716,0.2523149809776757,1.0
2025/26,2026-04-10,Augsburg,Hoffenheim,2,2,253,29,1,0.3308733840290539,0.24970931127571613,0.4194173046952298,0.14269403586832458,0.3384165771822743,0.24431201771744165,0.4172714051002843,0.14432060261306578,0.27140379767126677,0.244546130193381,0.4840500721353521,1.0
2025/26,2026-04-11,Heidenheim,Union Berlin,3,1,254,29,0,0.34956494757039525,0.2841516451678042,0.3662834072618,0.27861464593220836,0.3664657687918399,0.28516896897638466,0.34836526223177544,0.2613619890211641,0.3427508319791074,0.2770316459064172,0.3802175221144754,1.0
2025/26,2026-04-11,Dortmund,Leverkusen,0,1,255,29,2,0.5161080195591531,0.23032042311156709,0.2535715573292799,0.41176145394055386,0.4946522206444608,0.2341944193431332,0.2711533600124062,0.3879491220048509,0.45676624264703103,0.2482687229163282,0.29496503443664074,1.0
2025/26,2026-04-11,RB Leipzig,M'gladbach,1,0,256,29,0,0.660788209183092,0.19487649317533323,0.1443352976415747,0.06794865858724787,0.6417163073406588,0.20062994063875153,0.1576537520205898,0.07661095497589145,0.6433104976828531,0.19856941366109207,0.1581200886560548,1.0
2025/26,2026-04-11,Wolfsburg,Ein Frankfurt,1,2,257,29,2,0.3592418255767785,0.27405265115944355,0.3667055232637781,0.26505829175417095,0.3445241119395439,0.26769107243941914,0.3877848156210371,0.24675214784594957,0.38084910088535684,0.2588090575077287,0.3603418416069145,1.0
2025/26,2026-04-11,St Pauli,Bayern Munich,0,5,258,29,2,0.12416135213293764,0.12542174605516418,0.750416901811898,0.038853882132325504,0.12720399305488722,0.13020424420348375,0.7425917627416291,0.0412199282287848,0.11413900622507646,0.1696605119656652,0.7162004818092583,1.0
2025/26,2026-04-12,FC Koln,Werder Bremen,3,1,259,29,0,0.3946938257695998,0.2889542740695599,0.3163519001608405,0.23323704464840894,0.39633367942156855,0.285345746530286,0.3183205740481456,0.23287050723152117,0.4101197650653649,0.27786220769221465,0.31201802724242045,1.0
2025/26,2026-04-12,Stuttgart,Hamburg,4,0,260,29,0,0.7332215071370196,0.1493061171507193,0.11747237571226112,0.04248526165486295,0.7471372667356257,0.14098978411075214,0.11187294915362199,0.0382275593131295,0.734943948137306,0.15863882860299355,0.10641722325970042,1.0
2025/26,2026-04-12,Mainz,Freiburg,0,1,261,29,2,0.5209737328041252,0.22878821932823443,0.25023804786764015,0.41677830756859535,0.5188387534936121,0.22985867115457753,0.2513025753518103,0.4148707429008184,0.4272921784610508,0.2937633726919724,0.2789444488469767,1.0
2025/26,2026-04-17,St Pauli,FC Koln,1,1,262,30,1,0.267763607676376,0.28123617533659845,0.4510002169870254,0.13754927265910616,0.25498799540518324,0.27225419861688394,0.4727578059779328,0.14425941045691126,0.33280206122566947,0.28876978850965784,0.3784281502646726,1.0
2025/26,2026-04-18,Union Berlin,Wolfsburg,1,2,263,30,2,0.5247462506748065,0.24585203981874224,0.22940170950645136,0.4345901764544233,0.5048914488261017,0.25721476247856917,0.23789378869532904,0.4178606262034398,0.43850250651067124,0.26359420335192035,0.29790329013740835,1.0
2025/26,2026-04-18,Leverkusen,Augsburg,1,2,264,30,2,0.6648361703058817,0.1801649522167089,0.1549988774774093,0.5780170152057148,0.6814096566436982,0.17530918714902868,0.1432811562072732,0.5991431487384147,0.6802108482839465,0.18051749435227807,0.13927165736377536,1.0
2025/26,2026-04-18,Hoffenheim,Dortmund,2,1,265,30,0,0.38775262647178316,0.25530841002520227,0.35693896350301485,0.25112613502940306,0.3848622673948985,0.25351835663036953,0.3616193759747321,0.25458150157744996,0.42898498913917793,0.2459364204750784,0.32507859038574377,1.0
2025/26,2026-04-18,Ein Frankfurt,RB Leipzig,1,3,266,30,2,0.2884610197053896,0.24006753588066743,0.47147144441394284,0.1812760969796785,0.2915960468194992,0.24441167038289707,0.4639922827976038,0.1861662637106418,0.3238243523435875,0.24141147089881837,0.43476417675759416,1.0
2025/26,2026-04-18,Werder Bremen,Hamburg,3,1,267,30,0,0.49577051089042257,0.2604593278602788,0.24377016124929893,0.15683563460160724,0.520335996493539,0.25632525572888065,0.2233387477775805,0.13997887625935193,0.5258246585554166,0.24900162402491954,0.22517371741966408,1.0
2025/26,2026-04-19,Freiburg,Heidenheim,2,1,268,30,0,0.5743469193247359,0.2411288646922129,0.18452421598305124,0.1076148656862513,0.5788648183351047,0.2383403293235957,0.18279485234129983,0.10538439963920093,0.5794237066899233,0.22783165165963004,0.19274464165044675,1.0
2025/26,2026-04-19,Bayern Munich,Stuttgart,4,2,269,30,0,0.6495843789907968,0.17258433587985675,0.17783128512934626,0.07720753670901023,0.6607251367335107,0.16840462444648116,0.17087023882000837,0.07215203567945079,0.6448136547694931,0.18244727441152325,0.1727390708189835,1.0
2025/26,2026-04-19,M'gladbach,Mainz,1,1,270,30,1,0.37668109952412315,0.2572452918366964,0.36607360863918076,0.13794926884040715,0.3641002808914874,0.25452727076929416,0.38137244833921835,0.13900697944875495,0.4222626688380112,0.269374461155283,0.30836287000670565,1.0
2025/26,2026-04-24,RB Leipzig,Union Berlin,3,1,271,31,0,0.6402151937577272,0.20565826541476206,0.15412654082751076,0.07660004869512207,0.6601800525206453,0.19452113289030562,0.14529881458904909,0.06829467111292714,0.6216741698305767,0.2133472719191297,0.1649785582502936,1.0
2025/26,2026-04-25,Augsburg,Ein Frankfurt,1,1,272,31,1,0.37466300133936725,0.25860011788106224,0.36673688077957084,0.1374341521482758,0.3944967793575951,0.2564402671340956,0.3490629535083093,0.13873632721772958,0.39628105655641765,0.2534480470116926,0.35027089643188974,1.0
2025/26,2026-04-25,FC Koln,Leverkusen,1,2,273,31,2,0.3448208307623497,0.23330311366261758,0.4218760555750327,0.22656435022255983,0.3551535364787946,0.23373195144881903,0.4111145120723863,0.23646007618256903,0.2659296482412061,0.23879396984924622,0.4952763819095478,1.0
2025/26,2026-04-25,Heidenheim,St Pauli,2,0,274,31,0,0.5316940506624999,0.2700944225042432,0.19821152683325696,0.1292991357772341,0.5498177737302602,0.26402263630964967,0.18615958996009047,0.11865971489164405,0.40719987875957947,0.2767025882372216,0.3160975330031989,1.0
2025/26,2026-04-25,Mainz,Bayern Munich,3,4,275,31,2,0.20954878239634436,0.17247453698867657,0.617976680614979,0.0949262543788701,0.20469069694500963,0.1726563612336224,0.6226529418213681,0.09214454186595084,0.25719354036928715,0.22123520178685127,0.5215712578438616,1.0
2025/26,2026-04-25,Wolfsburg,M'gladbach,0,0,276,31,1,0.386846197162523,0.2644025453731653,0.34875125746431157,0.13563870992102212,0.38463620308399454,0.2666443711054752,0.34871942581053034,0.1347751233302489,0.4411298807461092,0.2562179033374662,0.30265221591642455,1.0
2025/26,2026-04-25,Hamburg,Hoffenheim,1,2,277,31,2,0.24939279961576064,0.21762238417111138,0.532984816213128,0.1401499751938364,0.2533908107064908,0.21545131152852734,0.5311578777649818,0.14200991926616413,0.21542106209727935,0.22474216574571929,0.5598367721570014,1.0
2025/26,2026-04-26,Stuttgart,Werder Bremen,1,1,278,31,1,0.6330106333489395,0.21055038793983655,0.15643897871122397,0.21258780799651814,0.6293090060197589,0.20920343757139181,0.16148755640884957,0.21105402796623912,0.6153420634961666,0.20784887478092737,0.17680906172290609,1.0
2025/26,2026-04-26,Dortmund,Freiburg,4,0,279,31,0,0.5929432417259226,0.23213595889945315,0.17492079937462413,0.0981462452552291,0.5988050779711899,0.22598681474011792,0.1752081072886921,0.09582762316069444,0.6658120468419598,0.19237602173097612,0.14181193142706394,1.0
2025/26,2026-05-02,Union Berlin,FC Koln,2,2,280,32,1,0.39600444177835764,0.25904753937344355,0.344948018848199,0.137904326807743,0.4066851579168333,0.26581811248495985,0.3274967295982071,0.13632346278368032,0.35892355133936865,0.27797936765452586,0.3630970810061055,1.0
2025/26,2026-05-02,Hoffenheim,Stuttgart,3,3,281,32,1,0.41217997018277625,0.24159005083754032,0.3462299789796833,0.14488376308207318,0.4289227300088119,0.23732287510421254,0.33375439488697534,0.14768335221229167,0.4331496318251285,0.23507618209604966,0.33177418607882186,1.0
2025/26,2026-05-02,Bayern Munich,Heidenheim,3,3,282,32,1,0.8489070958292152,0.07997395994925605,0.07111894422152888,0.3628505807881886,0.8523786353632044,0.07761145626756169,0.07000990836923367,0.36572536264675354,0.7468746636833862,0.1428015290198887,0.1103238072967253,1.0
2025/26,2026-05-02,Leverkusen,RB Leipzig,4,1,283,32,0,0.400187964471142,0.22147486223159885,0.3783371732972592,0.25145674733191614,0.3896860644314169,0.22327359857675338,0.38704033699182994,0.2611416612039809,0.44726508088552386,0.23369600476268618,0.31903891435179,1.0
2025/26,2026-05-02,Werder Bremen,Augsburg,1,3,284,32,2,0.4629147280407336,0.2662272802387402,0.2708579917205265,0.37296905683742526,0.4602141041643049,0.26624777237728264,0.2735381234584126,0.3697719398700392,0.48547617830301,0.24527984924733226,0.2692439724496578,1.0
2025/26,2026-05-02,Ein Frankfurt,Hamburg,1,2,285,32,2,0.55773919563482,0.23694232847101146,0.20531847589416868,0.4712958675512716,0.5753515022419013,0.2324878514630985,0.19216064629500026,0.4918168862632622,0.5635059760956176,0.22486055776892427,0.21163346613545816,1.0
2025/26,2026-05-03,St Pauli,Mainz,1,2,286,32,2,0.2108085851828381,0.2287421377701109,0.560449277047051,0.11882254881762502,0.19673246799681762,0.21723829315933785,0.5860292388438446,0.1050377275281628,0.3402314335491329,0.2870050436380722,0.372763522812795,1.0
2025/26,2026-05-03,M'gladbach,Dortmund,1,0,287,32,0,0.25247670991014337,0.2527896558223049,0.49473363426755185,0.4017762190511718,0.25106989423814335,0.2522120928677323,0.49671801289412465,0.4038125438249767,0.25781132830075487,0.24566315052742088,0.4965255211718243,1.0
2025/26,2026-05-03,Freiburg,Wolfsburg,1,1,288,32,1,0.4934717217641935,0.25228747464695606,0.25424080358885087,0.154076363195211,0.4864983153689391,0.2549928598782185,0.2585088247528424,0.15175371166595578,0.4565447077943285,0.2607010169856193,0.2827542752200523,1.0
2025/26,2026-05-08,Dortmund,Ein Frankfurt,3,2,289,33,0,0.5728522896310368,0.24789077073735707,0.1792569396316062,0.10729410843976844,0.5675342979014901,0.24927282211941318,0.1831928799790966,0.11029310738329642,0.5517041480519972,0.22120213483216863,0.22709371711583418,1.0
2025/26,2026-05-09,Augsburg,M'gladbach,3,1,290,33,0,0.5325780109912971,0.23462685256575952,0.2327951364429435,0.1363384456801703,0.5240371514405608,0.23603035336606454,0.23993249519337434,0.14205411772926715,0.48977191887222515,0.2398626577040898,0.270365423423685,1.0
2025/26,2026-05-09,Wolfsburg,Bayern Munich,0,1,291,33,2,0.1677636758085208,0.14651563752174887,0.6857206866697304,0.06345806885406616,0.17074269349696383,0.14774302979751097,0.6815142767055252,0.06529311166250144,0.17731457944981077,0.18143817432073658,0.6412472462294526,1.0
2025/26,2026-05-09,Stuttgart,Leverkusen,3,1,292,33,0,0.4492691854537053,0.2271324058046874,0.32359840874160717,0.2040101801154628,0.43791909607433865,0.22429792786201314,0.33778297606364843,0.21501614073815184,0.47151346196170485,0.22774557992810504,0.30074095811018997,1.0
2025/26,2026-05-09,Hoffenheim,Werder Bremen,1,0,293,33,0,0.6421142304422709,0.2027778137822342,0.1551079557754949,0.07607035099839042,0.606438061273731,0.21733834337618121,0.17622359535008772,0.0929728775860455,0.6341298174637114,0.19271296300745233,0.17315721952883634,1.0
2025/26,2026-05-09,RB Leipzig,St Pauli,2,1,294,33,0,0.7810242130622752,0.12953397321986676,0.089441813717858,0.027975116653067934,0.7657483668784076,0.14054475399933358,0.09370687912225906,0.031827403407483364,0.7395833191219987,0.1562846614450813,0.10413201943292001,1.0
2025/26,2026-05-10,FC Koln,Heidenheim,1,3,295,33,2,0.6356411133846416,0.19484834950810176,0.16951053710725672,0.546876186500372,0.6108940139244293,0.20500532582824005,0.18410066024733046,0.5194416144287713,0.46412120580728217,0.23148761376066915,0.3043911804320487,1.0
2025/26,2026-05-10,Hamburg,Freiburg,3,2,296,33,0,0.39687389689764413,0.27810443842861116,0.32502166467374477,0.23470008937536285,0.37307114186816054,0.27562581894231386,0.35130303918952555,0.2582268092511447,0.3187426592080903,0.26103159277765614,0.4202257480142536,1.0
2025/26,2026-05-10,Mainz,Union Berlin,1,3,297,33,2,0.6320020433031922,0.20063964975824244,0.16735830693856543,0.5463593858818112,0.6593952715097018,0.19287739496014863,0.14772733353014939,0.5805854110504911,0.5645739145269982,0.21948306747419602,0.21594301799880575,1.0
2025/26,2026-05-16,Ein Frankfurt,Stuttgart,2,2,298,34,1,0.31696789960291427,0.25556463688501835,0.42746746351206777,0.14159854087006193,0.30717826506009643,0.25473114925522317,0.43809058568468023,0.1431409238954386,0.2678923542644486,0.21987391340572668,0.5122337323298247,1.0
2025/26,2026-05-16,Bayern Munich,FC Koln,5,1,299,34,0,0.7827537276471214,0.11637372383720271,0.10087254851567597,0.028685606947634258,0.8025338557426678,0.10662021391024118,0.09084593034709108,0.023622930594243023,0.822435011866992,0.10291722431705497,0.07464776381595309,1.0
2025/26,2026-05-16,Freiburg,RB Leipzig,4,1,300,34,0,0.2968404886233513,0.22828213469704406,0.4748773766796046,0.3599709106607752,0.310528153388285,0.23387755035638907,0.455594296255326,0.34146879502527694,0.3816297401628443,0.25031628118208066,0.36805397865507516,1.0
2025/26,2026-05-16,Heidenheim,Mainz,0,2,301,34,2,0.28949935787285075,0.21342183829042122,0.4970788038367282,0.16836980387954464,0.2629667570113995,0.20610292379033793,0.5309303191982626,0.14458894037026812,0.4852923942341498,0.23063400914098206,0.28407359662486814,1.0
2025/26,2026-05-16,Leverkusen,Hamburg,1,1,302,34,1,0.7118185651510017,0.162573221150181,0.12560821369881753,0.26123154652111935,0.7009474526084005,0.1665455015063809,0.13250704588521844,0.25444272426371667,0.7360782190460734,0.15102089469927518,0.11290088625465138,1.0
2025/26,2026-05-16,St Pauli,Wolfsburg,1,3,303,34,2,0.29215005174541553,0.27099228677375664,0.4368576614808277,0.20124047308384543,0.2790219916026702,0.2693337639506865,0.4516442444466434,0.18927365322320663,0.3650938924935035,0.2625394283099351,0.37236667919656136,1.0
2025/26,2026-05-16,M'gladbach,Hoffenheim,4,0,304,34,0,0.3614955850791366,0.25512371364257236,0.38338070127829105,0.2773343249930341,0.3587918031438178,0.255723271376548,0.3854849254796342,0.2798732897437979,0.21349334079029958,0.2106017831272256,0.5759048760824749,1.0
2025/26,2026-05-16,Union Berlin,Augsburg,4,0,305,34,0,0.37583667960787315,0.25724831351530436,0.3669150068768226,0.2621032363971718,0.36667238830868515,0.2585212468245572,0.3748063648667576,0.270791837437629,0.3717382450285299,0.23621847975230628,0.3920432752191639,1.0
2025/26,2026-05-16,Werder Bremen,Dortmund,0,2,306,34,2,0.2509329611187996,0.2512624782759231,0.4978045606052773,0.1575838051623538,0.25815697652391095,0.2513313305254142,0.49051169295067465,0.16311167977397725,0.2990326015541811,0.23679739006320938,0.4641700083826095,1.0
