season,strategy,n,rps,log_loss,brier
2015/16,standalone_original,97,0.2150359310221823,1.000616823401095,0.5985372749016796
2015/16,fixed_preseason,97,0.20462054361615706,0.9753386597435353,0.5793085707452136
2015/16,updating_prior,97,0.2237438140073034,1.0299047877474365,0.6167337429060608
2015/16,current_only,97,0.21066867263354266,0.9928040373142858,0.5907971460118073
2015/16,midseason_reset,97,0.21066867263354266,0.9928040373142858,0.5907971460118073
2015/16,soft_blend_h10,97,0.21131366055385375,0.9944729884240409,0.5919725080510071
2015/16,soft_blend_h17,97,0.2127948566479645,0.9982820699052544,0.5948219378474611
2015/16,cosine_taper_k18,97,0.21066867263354266,0.9928040373142858,0.5907971460118073
2015/16,cosine_taper_k25,97,0.21066550881511473,0.9927987651344661,0.5907909271147216
2015/16,cosine_taper_k30,97,0.21046233989128404,0.9923600544739147,0.590401247867574
2015/16,bookmaker,97,0.20148884494415453,0.9638316018352094,0.5691795724965504
2016/17,standalone_original,92,0.21002072219967635,1.0272239445770566,0.6188096341729128
2016/17,fixed_preseason,92,0.21100241091087743,1.0210175254370626,0.6155467148844679
2016/17,updating_prior,92,0.21752581182306516,1.047702869549036,0.6332457504004648
2016/17,current_only,92,0.2076463233135411,1.022095880126794,0.6173082612451372
2016/17,midseason_reset,92,0.2076463233135411,1.022095880126794,0.6173082612451372
2016/17,soft_blend_h10,92,0.2083641720466628,1.0234444351841787,0.6180058988919482
2016/17,soft_blend_h17,92,0.20959607802833585,1.0262063087979036,0.619675049191121
2016/17,cosine_taper_k18,92,0.2076463233135411,1.022095880126794,0.6173082612451372
2016/17,cosine_taper_k25,92,0.20765469566223832,1.0221206174173623,0.6173253746156162
2016/17,cosine_taper_k30,92,0.20760599753687603,1.0217286982614067,0.6170217882521175
2016/17,bookmaker,92,0.19791195767379163,0.9892983662376369,0.5921595914881524
2017/18,standalone_original,93,0.21783778286051975,1.0267112024185652,0.6130869368018321
2017/18,fixed_preseason,93,0.21583692261954024,1.0215913130943484,0.6090771270307501
2017/18,updating_prior,93,0.21407589717565947,1.016305801683947,0.6051058078281182
2017/18,current_only,93,0.2077275055161323,0.9959054217614957,0.591345323870012
2017/18,midseason_reset,93,0.2077275055161323,0.9959054217614957,0.591345323870012
2017/18,soft_blend_h10,93,0.20761237638491264,0.9958809254621984,0.5911368436784507
2017/18,soft_blend_h17,93,0.20810721857881884,0.9976729664300502,0.5922280056259227
2017/18,cosine_taper_k18,93,0.2077275055161323,0.9959054217614957,0.591345323870012
2017/18,cosine_taper_k25,93,0.2077248290456614,0.9958957987401366,0.5913377856942502
2017/18,cosine_taper_k30,93,0.20741915948024292,0.9949662406101328,0.5906817952788019
2017/18,bookmaker,93,0.20485265795437754,0.9818990458177052,0.5803868481821656
2018/19,standalone_original,92,0.20091811027542109,0.9588792396688717,0.5704835845040085
2018/19,fixed_preseason,92,0.2047703584810096,0.9808029680814918,0.5849423661899517
2018/19,updating_prior,92,0.19078315917758495,0.9313836263169339,0.5489323717923364
2018/19,current_only,92,0.19588801035408188,0.9479182389854143,0.5620869040135235
2018/19,midseason_reset,92,0.19588801035408188,0.9479182389854143,0.5620869040135235
2018/19,soft_blend_h10,92,0.19446912878063624,0.9430963475249964,0.5587030809558731
2018/19,soft_blend_h17,92,0.19313476043468833,0.9385938868401533,0.5554311108171879
2018/19,cosine_taper_k18,92,0.19588801035408188,0.9479182389854143,0.5620869040135235
2018/19,cosine_taper_k25,92,0.19588803752157916,0.9479181031642007,0.5620870664073058
2018/19,cosine_taper_k30,92,0.19560444589348225,0.9469922835677803,0.5614533820997457
2018/19,bookmaker,92,0.18806206755468907,0.9247505568962309,0.5473056983943492
2019/20,standalone_original,92,0.21113216744924568,1.0202539487318092,0.6122290940198544
2019/20,fixed_preseason,92,0.1975695930554996,0.9755537564303,0.5806015950302089
2019/20,updating_prior,92,0.20120196707889113,0.9918761402616071,0.5906356068259551
2019/20,current_only,92,0.2164091597908138,1.0289072869253217,0.6195436282233441
2019/20,midseason_reset,92,0.2164091597908138,1.0289072869253217,0.6195436282233441
2019/20,soft_blend_h10,92,0.21347616640598263,1.0204441975804857,0.613595402835881
2019/20,soft_blend_h17,92,0.21024236289362147,1.0117114640077136,0.6071959446889945
2019/20,cosine_taper_k18,92,0.2164091597908138,1.0289072869253217,0.6195436282233441
2019/20,cosine_taper_k25,92,0.21640933159408657,1.0289067424681588,0.6195435370691761
2019/20,cosine_taper_k30,92,0.2161666777149311,1.0281403806356708,0.6189924997017914
2019/20,bookmaker,92,0.18838268556649257,0.947678452274767,0.5623760410679359
2020/21,standalone_original,93,0.21612387741105388,1.0127317212497318,0.604889594880319
2020/21,fixed_preseason,93,0.21040689123547437,1.0019984503577557,0.5982284828232378
2020/21,updating_prior,93,0.22982209327372255,1.068528279060451,0.632127378707615
2020/21,current_only,93,0.2247382516146455,1.0407718510024562,0.6249714674768588
2020/21,midseason_reset,93,0.2247382516146455,1.0407718510024562,0.6249714674768588
2020/21,soft_blend_h10,93,0.2245325406377591,1.0407909327730596,0.6239689768695574
2020/21,soft_blend_h17,93,0.22467727862144185,1.04226978815583,0.6235951194561388
2020/21,cosine_taper_k18,93,0.2247382516146455,1.0407718510024562,0.6249714674768588
2020/21,cosine_taper_k25,93,0.2247385353884474,1.0407674138631064,0.6249682520026103
2020/21,cosine_taper_k30,93,0.2247641150971609,1.0408591341695304,0.624965999682235
2020/21,bookmaker,93,0.19639949483389887,0.9546755374727334,0.5615923163480474
2021/22,standalone_original,92,0.2146088124008608,1.0398598893996105,0.6272762306969956
2021/22,fixed_preseason,92,0.21384902623464055,1.0375064181256477,0.6232815941371666
2021/22,updating_prior,92,0.20959252796946237,1.0263634623799003,0.6176864475663999
2021/22,current_only,92,0.20504865044876971,1.0103991318267205,0.6073792438768454
2021/22,midseason_reset,92,0.20504865044876971,1.0103991318267205,0.6073792438768454
2021/22,soft_blend_h10,92,0.20499374882414145,1.0106055248992984,0.6073966927483542
2021/22,soft_blend_h17,92,0.2053228658565032,1.0119958976913466,0.6081943177903362
2021/22,cosine_taper_k18,92,0.20504865044876971,1.0103991318267205,0.6073792438768454
2021/22,cosine_taper_k25,92,0.20504329473730087,1.0103854882621444,0.6073683773272128
2021/22,cosine_taper_k30,92,0.20484364467382035,1.0098511486605901,0.6070103741693174
2021/22,bookmaker,92,0.2101653597670918,1.0268524871917613,0.6210902258867382
2022/23,standalone_original,93,0.20395880121435855,1.0215097392581751,0.6123244214458474
2022/23,fixed_preseason,93,0.20253652119531762,1.0131848180275176,0.6058565132390473
2022/23,updating_prior,93,0.20236709360100788,1.0156239055260186,0.6064278039511221
2022/23,current_only,93,0.2084647791829407,1.0365691384763098,0.6202090026644236
2022/23,midseason_reset,93,0.2084647791829407,1.0365691384763098,0.6202090026644236
2022/23,soft_blend_h10,93,0.20658329920876925,1.0306557564313674,0.6160463069612417
2022/23,soft_blend_h17,93,0.20485734050454563,1.025125506011669,0.6122082342841473
2022/23,cosine_taper_k18,93,0.2084647791829407,1.0365691384763098,0.6202090026644236
2022/23,cosine_taper_k25,93,0.20846445993625254,1.0365687534885673,0.6202087819226741
2022/23,cosine_taper_k30,93,0.20812743120763308,1.0355773260516854,0.6194734616076593
2022/23,bookmaker,93,0.20741626921630152,1.029173374641452,0.6177926081902374
2023/24,standalone_original,92,0.19285493755330516,0.9487180471788104,0.5629124874794237
2023/24,fixed_preseason,92,0.2080482987786812,1.0036054234037466,0.5993176188372207
2023/24,updating_prior,92,0.18530381156322728,0.9210912909125458,0.5437223609433383
2023/24,current_only,92,0.18757133243692645,0.9299503219630911,0.5510765836420465
2023/24,midseason_reset,92,0.18757133243692645,0.9299503219630911,0.5510765836420465
2023/24,soft_blend_h10,92,0.18648825338791236,0.9264790019911003,0.5484420321674619
2023/24,soft_blend_h17,92,0.1855940884976389,0.9235057093328285,0.54608444538071
2023/24,cosine_taper_k18,92,0.18757133243692645,0.9299503219630911,0.5510765836420465
2023/24,cosine_taper_k25,92,0.18757388678015396,0.929958802004229,0.5510825895951091
2023/24,cosine_taper_k30,92,0.18728241411750654,0.9291067715426354,0.5504891235621684
2023/24,bookmaker,92,0.17749061500411314,0.9031495118482773,0.5309334464071127
2024/25,standalone_original,92,0.22155885595920272,1.0844013703632656,0.6564375972633368
2024/25,fixed_preseason,92,0.23320468771317177,1.1261757733531483,0.6836810969057342
2024/25,updating_prior,92,0.24060577740841535,1.1424848653416193,0.689725430754839
2024/25,current_only,92,0.2338668417482404,1.127356152681272,0.6818061345238329
2024/25,midseason_reset,92,0.2338668417482404,1.127356152681272,0.6818061345238329
2024/25,soft_blend_h10,92,0.23386578750628534,1.1257035438326992,0.6806364522266056
2024/25,soft_blend_h17,92,0.2343084636771206,1.1254396265139326,0.6803657887092862
2024/25,cosine_taper_k18,92,0.2338668417482404,1.127356152681272,0.6818061345238329
2024/25,cosine_taper_k25,92,0.23387110512519768,1.127364331529445,0.681811219798359
2024/25,cosine_taper_k30,92,0.2337011129206088,1.1264092356169542,0.6811914845346945
2024/25,bookmaker,92,0.22511165700469374,1.1006581207769803,0.6668977485380614
2025/26,standalone_original,94,0.2163603945200927,1.0394499785880997,0.6257995835738402
2025/26,fixed_preseason,94,0.20651662686991457,1.007976713112278,0.6024063163471258
2025/26,updating_prior,94,0.21494802201240884,1.0381423186918448,0.6219473733653061
2025/26,current_only,94,0.21907918629616727,1.0471769249907699,0.6302601991106778
2025/26,midseason_reset,94,0.21907918629616727,1.0471769249907699,0.6302601991106778
2025/26,soft_blend_h10,94,0.2179098215703501,1.0441297517522168,0.6278669992802444
2025/26,soft_blend_h17,94,0.21673993923962523,1.0411583682989802,0.6254506311163974
2025/26,cosine_taper_k18,94,0.21907918629616727,1.0471769249907699,0.6302601991106778
2025/26,cosine_taper_k25,94,0.21907809554448784,1.0471725608314986,0.630257379765605
2025/26,cosine_taper_k30,94,0.2189747596688254,1.0470086810900556,0.6301264583205364
2025/26,bookmaker,94,0.19832896037700298,0.9801191150652363,0.5840703485907787
POOLED,standalone_original,1022,0.21098197362945365,1.0163754207259652,0.6093257719675819
POOLED,fixed_preseason,1022,0.20981820873993842,1.0147618284440023,0.6073202869443883
POOLED,updating_prior,1022,0.21189052632726085,1.0209703938647305,0.6097357253968404
POOLED,current_only,1022,0.210671657435389,1.0163192015310711,0.608762377916707
POOLED,midseason_reset,1022,0.210671657435389,1.0163192015310711,0.608762377916707
POOLED,soft_blend_h10,1022,0.20999524466772002,1.0141415512710472,0.6070466717961392
POOLED,soft_blend_h17,1022,0.20961802277261438,1.0129151289720184,0.605925730061003
POOLED,cosine_taper_k18,1022,0.210671657435389,1.0163192015310711,0.608762377916707
POOLED,cosine_taper_k25,1022,0.2106719132420575,1.0163194222979768,0.6087620968840384
POOLED,cosine_taper_k30,1022,0.2104756995686862,1.0156978631760998,0.6083108424653607
POOLED,bookmaker,1022,0.19961736105476244,0.9819345125661189,0.5848160267384312
