season,Date,HomeTeam,AwayTeam,FTHG,FTAG,season_game,matchday,outcome,p_home_fresh_v2,p_draw_fresh_v2,p_away_fresh_v2,rps_fresh_v2,p_home_carry_v2,p_draw_carry_v2,p_away_carry_v2,rps_carry_v2,rps_bookmaker,goal_level_prior_matches
2023/24,2023-08-18,Werder Bremen,Bayern Munich,0,4,1,1,2,0.31884594764719754,0.26061918816788027,0.42053486418492203,0.21872129097811296,0.24896531785232343,0.2428091475326848,0.5082255346149919,0.15191292714900956,0.04059595490627969,0.0
2023/24,2023-08-19,Augsburg,M'gladbach,4,4,2,1,1,0.04399337146152775,0.11562873397038055,0.8403778945680918,0.35408521120562536,0.03371267296936912,0.10000058026395874,0.8662867467666721,0.375794635971162,0.13699698899954962,0.0
2023/24,2023-08-19,Hoffenheim,Freiburg,1,2,3,1,2,0.04627311587005684,0.1193800957673915,0.8343467883625516,0.014791093889062478,0.04592091326917033,0.117403944410685,0.8366751423201445,0.01439186970580983,0.34762658303142585,0.0
2023/24,2023-08-19,Leverkusen,RB Leipzig,3,2,4,1,0,0.05035605150940856,0.12579108157212296,0.8238528669184687,0.7902785876172904,0.034002013325741216,0.10025450758169499,0.8657434790925636,0.8413319409250088,0.23620304373989626,0.0
2023/24,2023-08-19,Stuttgart,Bochum,5,0,5,1,0,0.06554329421723114,0.14676948279081556,0.7876872229919535,0.7468302481235798,0.07156099241362116,0.15281408506283614,0.7756249225235424,0.7317965056238158,0.12509317449152357,0.0
2023/24,2023-08-19,Wolfsburg,Heidenheim,2,0,6,1,0,0.08736522619774247,0.1709910468535884,0.7416437269486691,0.6914688240377049,0.08430669731623408,0.16686678227334392,0.7488265204104223,0.6996176911249415,0.10234931610306838,0.0
2023/24,2023-08-19,Dortmund,FC Koln,1,0,7,1,0,0.07795029961712653,0.16125660324878313,0.7607930971340904,0.7144908933115142,0.08801540832084066,0.16579853205032374,0.7461860596288357,0.6942547655223057,0.07478159838260362,0.0
2023/24,2023-08-20,Union Berlin,Mainz,4,1,8,1,0,0.48536619852205815,0.21449387327307762,0.3001399282048642,0.1774659630632294,0.4572000623094091,0.22609820237914563,0.31670173531144546,0.197465880753095,0.19395571880420354,0.0
2023/24,2023-08-20,Ein Frankfurt,Darmstadt,1,0,9,1,0,0.6063183452784348,0.18733317282748688,0.20634848189407837,0.09878247062215026,0.6022937897616778,0.19076628939155624,0.20693992084676613,0.10049718025109715,0.0712648894791625,0.0
2023/24,2023-08-25,RB Leipzig,Stuttgart,5,1,10,2,0,0.463180582210399,0.22707962868550402,0.309739789104097,0.19205691213510834,0.5462827641649244,0.21308722248354064,0.24063001335153536,0.13188106670969077,0.09948350616762874,0.0
2023/24,2023-08-26,Bochum,Dortmund,1,1,11,2,1,0.2918284330009574,0.21617419163293275,0.4919973753661099,0.16361262583746755,0.24262622286760288,0.18854877306942225,0.5688250040629749,0.19121468463512153,0.20743533346964005,0.0
2023/24,2023-08-26,Darmstadt,Union Berlin,1,4,12,2,2,0.32008685534863407,0.22068311557989817,0.4592300290714679,0.19744387821251153,0.3517601618295897,0.23960699477343395,0.4086328433969768,0.23672516267956212,0.16299107618997488,0.0
2023/24,2023-08-26,FC Koln,Wolfsburg,1,2,13,2,2,0.40884317573262896,0.23069156518730785,0.3604652590800631,0.288078713593336,0.4319598124998567,0.23031431148876189,0.3377258760113814,0.3125981474599018,0.3575865916759421,0.0
2023/24,2023-08-26,M'gladbach,Leverkusen,0,3,14,2,2,0.4065932878017798,0.2277586855001089,0.36564802669811153,0.2838602638587305,0.41223298242468087,0.22536474997015465,0.36240226760516425,0.2882334500768918,0.131883060380216,0.0
2023/24,2023-08-26,Heidenheim,Hoffenheim,2,3,15,2,2,0.37741854080342035,0.2249358592121538,0.39764559998442583,0.2526377890801527,0.38995473146468307,0.22203467397298324,0.3880105945623333,0.2632978624798207,0.20887488148749234,0.0
2023/24,2023-08-26,Freiburg,Werder Bremen,1,0,16,2,0,0.5643784901915266,0.20520703188498743,0.2304144779234862,0.12142846572228322,0.53041019160895,0.21701547376358707,0.25257433462746304,0.14215419132862434,0.1221397642071565,0.0
2023/24,2023-08-27,Mainz,Ein Frankfurt,1,1,17,2,1,0.38461251967255206,0.2346610111040565,0.38072646922339115,0.14643971732808964,0.36370500444119774,0.22910112978553793,0.40719386577326444,0.14904408728947344,0.12688037935604712,0.0
2023/24,2023-08-27,Bayern Munich,Augsburg,3,1,18,2,0,0.5578878643039594,0.20531455307608437,0.23679758261995584,0.12576811783218458,0.6645922566341009,0.173193249049306,0.16221449431659304,0.06940594823809641,0.008886162353453316,0.0
2023/24,2023-09-01,Dortmund,Heidenheim,2,2,19,3,1,0.5855753142608834,0.2016440687249208,0.21278061701419557,0.19408701982433713,0.6463410023173447,0.17599358843740529,0.17766540924524998,0.22466084445943596,0.29686660465962367,0.0
2023/24,2023-09-02,Hoffenheim,Wolfsburg,3,1,20,3,0,0.36354146617945593,0.22089917301554887,0.41555936080499534,0.2888845238128264,0.34336879068818404,0.21334525221696415,0.4432859570948519,0.3138334923998983,0.2623222807032422,0.0
2023/24,2023-09-02,Augsburg,Bochum,2,2,21,3,1,0.4835532749135651,0.22341233888413312,0.293034386202302,0.15984646058829682,0.4567115302337112,0.22840385004438005,0.3148846197219085,0.15386887279291458,0.139348377124302,0.0
2023/24,2023-09-02,Leverkusen,Darmstadt,5,1,22,3,0,0.6134048704042668,0.18870565736382505,0.1978894722319082,0.09430801872368243,0.6412656722925807,0.1794140276819494,0.17932030002547,0.08042304393845932,0.024330630377926786,0.0
2023/24,2023-09-02,M'gladbach,Bayern Munich,1,2,23,3,2,0.3068465201698067,0.22466228033063365,0.46849119949955925,0.18832819597486825,0.26387496943329486,0.20658047295041856,0.5295445576162864,0.1454791613809389,0.031453662144829184,0.0
2023/24,2023-09-02,Werder Bremen,Mainz,4,0,24,3,0,0.3851192425171002,0.22751810296963568,0.3873626545132642,0.2640640860171536,0.38739195096080364,0.22605494349435826,0.38655310554483846,0.26235596257698457,0.2714401358708593,0.0
2023/24,2023-09-02,Stuttgart,Freiburg,5,0,25,3,0,0.4471778293375923,0.2335205629694129,0.3193016076929947,0.2037829345256137,0.433074591460382,0.23790141465177211,0.3290239938878462,0.21483060370086102,0.2197762915734319,0.0
2023/24,2023-09-03,Ein Frankfurt,FC Koln,1,1,26,3,1,0.5128347404739518,0.2286514016592764,0.258513857866772,0.1649144428730735,0.5045299565478476,0.2315219218575859,0.2639481215945667,0.16210954397373653,0.13755450246081574,0.0
2023/24,2023-09-03,Union Berlin,RB Leipzig,0,3,27,3,2,0.3686024788069284,0.22524469672032083,0.40615282447275075,0.24426112763215183,0.2897704190277851,0.23848338337413555,0.47174619759807923,0.1815094877478128,0.1789521210541998,0.0
2023/24,2023-09-15,Bayern Munich,Leverkusen,2,2,28,4,1,0.5318032199730894,0.22788830228278803,0.24030847774412273,0.17028141462472182,0.5651074992455234,0.22191636312586588,0.21297613762861092,0.1823526604513651,0.19935140298633555,0.0
2023/24,2023-09-16,FC Koln,Hoffenheim,1,3,29,4,2,0.4765635930806568,0.22676003083556182,0.29667637608378145,0.36088848910429416,0.4891287358276629,0.22366423417847567,0.28720702999386155,0.3736603691512699,0.33746063154456796,0.0
2023/24,2023-09-16,Freiburg,Dortmund,2,4,30,4,2,0.489337287484887,0.22854465058427675,0.2821180619308361,0.3774027289645027,0.3952106355228053,0.23156303329334857,0.37322633118384624,0.27451833917580065,0.22563912720182797,0.0
2023/24,2023-09-16,Mainz,Stuttgart,1,3,31,4,2,0.40420953261179177,0.2306641007259842,0.36512636666222426,0.283224938280876,0.40755399260683467,0.2296995265599745,0.3627464808331906,0.2860961522901273,0.2691563695626543,0.0
2023/24,2023-09-16,Wolfsburg,Union Berlin,2,1,32,4,0,0.5071788759221783,0.21642078896512404,0.27640033511269796,0.15963490279386966,0.47278432013595045,0.2373940714714031,0.28982160839264653,0.18097646889290622,0.19388587698908927,0.0
2023/24,2023-09-16,Bochum,Ein Frankfurt,1,1,33,4,1,0.3343306442842399,0.2513658828542475,0.41430347286151237,0.14171217366631253,0.34723097614267706,0.2466587064842389,0.40611031737308395,0.14274747033493168,0.1272443361483333,0.0
2023/24,2023-09-16,RB Leipzig,Augsburg,3,0,34,4,0,0.4655720309329226,0.23982865084543617,0.29459931822164137,0.18620100620890848,0.5936253508139524,0.21202809852218785,0.19434655066386014,0.10145546862801172,0.03274147727806012,0.0
2023/24,2023-09-17,Heidenheim,Werder Bremen,4,2,35,4,0,0.3644154661024408,0.26616029997496365,0.369424233922596,0.27022098216953705,0.36039707283131805,0.2607199171129768,0.37888301005570546,0.2763221198758089,0.2217814155564439,0.0
2023/24,2023-09-17,Darmstadt,M'gladbach,3,3,36,4,1,0.3822240330934206,0.22748022732372714,0.39029573958285224,0.14921298790536297,0.3355485519111534,0.22323678330563818,0.4412146647832086,0.15363160555471553,0.13688171239109914,0.0
2023/24,2023-09-22,Stuttgart,Darmstadt,3,1,37,5,0,0.5647150277556147,0.20534939719983897,0.22993557504454665,0.12117168786643077,0.5434964231752379,0.22111605096700815,0.2353875258577539,0.1319014014916181,0.05241882086479928,0.0
2023/24,2023-09-23,Augsburg,Mainz,2,1,38,5,0,0.3319039257171491,0.24318854385640734,0.4249075304264434,0.3134493869426278,0.30402004832947066,0.23182473599335693,0.4641552156771726,0.34991407868381746,0.2485353527824571,0.0
2023/24,2023-09-23,Dortmund,Wolfsburg,1,0,39,5,0,0.48838663267926524,0.2319336817221688,0.279679685598566,0.16998448207888692,0.526127154397903,0.21540755325300565,0.2584652923490911,0.14567989057406502,0.12004540154254145,0.0
2023/24,2023-09-23,Bayern Munich,Bochum,7,0,40,5,0,0.6025227367868979,0.19933389413474512,0.1981433690783571,0.0986244847405498,0.6718302313212643,0.1761111914057269,0.15205857727300878,0.06540860399847324,0.010569427929713293,0.0
2023/24,2023-09-23,Werder Bremen,FC Koln,2,1,41,5,0,0.42144875793664927,0.24044034190671504,0.3381109001566358,0.22452026024888816,0.35976240112226376,0.2469451734421404,0.39329242543559595,0.2822915574608714,0.2259149606064822,0.0
2023/24,2023-09-23,Union Berlin,Hoffenheim,0,2,42,5,2,0.4987227485711153,0.2353289283077812,0.2659483231211034,0.3937781221355239,0.47775121532377457,0.2394440100729246,0.28280477460330106,0.3713076075375828,0.36559046176029636,0.0
2023/24,2023-09-23,M'gladbach,RB Leipzig,0,1,43,5,2,0.27506929359443755,0.21408654321305703,0.510844163192505,0.15746827448069156,0.2695371891424326,0.21355653225050145,0.5169062786070657,0.15301491999003863,0.10489864865735392,0.0
2023/24,2023-09-24,Leverkusen,Heidenheim,4,1,44,5,0,0.731497068021004,0.14003208636428496,0.1284708456147111,0.04429929132713813,0.7015730646089553,0.15617216421109342,0.14225477117995147,0.05464752784517554,0.021231910515044257,0.0
2023/24,2023-09-24,Ein Frankfurt,Freiburg,0,0,45,5,1,0.4737581968000237,0.2568530714096054,0.26938873179037126,0.14850855892541717,0.5295014883757985,0.23698887107385008,0.23350964055035153,0.16744928921107005,0.1366943649546577,0.0
2023/24,2023-08-18,Werder Bremen,Bayern Munich,0,4,1,1,2,0.31884594764719754,0.26061918816788027,0.42053486418492203,0.21872129097811296,0.24896531785232343,0.2428091475326848,0.5082255346149919,0.15191292714900956,0.04059595490627969,18.0
2023/24,2023-08-19,Augsburg,M'gladbach,4,4,2,1,1,0.38591532376860593,0.2638188727323905,0.3502658034990033,0.13580838511011528,0.3308375347814844,0.26745900092788777,0.4017034642906279,0.13540957382169083,0.13699698899954962,18.0
2023/24,2023-08-19,Hoffenheim,Freiburg,1,2,3,1,2,0.3951137014034782,0.2635210088749816,0.34136528972154,0.29495725931017375,0.3970632983300378,0.26138249675058384,0.3415542049193785,0.29560506397004027,0.34762658303142585,18.0
2023/24,2023-08-19,Leverkusen,RB Leipzig,3,2,4,1,0,0.41072641378045777,0.2626044741806046,0.3266691120389373,0.22697803408817407,0.33314075870733517,0.26705812142497765,0.39980111986768696,0.3022710915724427,0.23620304373989626,18.0
2023/24,2023-08-19,Stuttgart,Bochum,5,0,5,1,0,0.4612093255502686,0.25635007747514765,0.28244059697458374,0.18503404084667785,0.4810841549196667,0.2513821746089753,0.26753367047135806,0.1704239595556568,0.12509317449152357,18.0
2023/24,2023-08-19,Wolfsburg,Heidenheim,2,0,6,1,0,0.5193663037323861,0.24353870145953396,0.23709499480807977,0.1436113932754562,0.5139396631883364,0.24405478067836717,0.2420055561332965,0.14741067011042697,0.10234931610306838,18.0
2023/24,2023-08-19,Dortmund,FC Koln,1,0,7,1,0,0.4959165069499328,0.24938000406593475,0.25470348898413225,0.15948701763312365,0.5315826980058841,0.23541973556754822,0.23299756642656758,0.1368513173840748,0.07478159838260362,18.0
2023/24,2023-08-20,Union Berlin,Mainz,4,1,8,1,0,0.4690882287623058,0.2439882962921137,0.28692347494558057,0.18209619465679644,0.4422274015098043,0.25701677393967887,0.3007558245505171,0.20078216881378322,0.19395571880420354,18.0
2023/24,2023-08-20,Ein Frankfurt,Darmstadt,1,0,9,1,0,0.5795771814675186,0.21718177043516565,0.203241048097316,0.10903113498724562,0.5752831121241243,0.2211804814016073,0.2035364064742683,0.1109057518037139,0.0712648894791625,18.0
2023/24,2023-08-25,RB Leipzig,Stuttgart,5,1,10,2,0,0.45968275440943696,0.24720797782877207,0.2931092677617909,0.18892788436521307,0.5364489102071153,0.23398747623351593,0.22956361355936866,0.13378953275930316,0.09948350616762874,18.0
2023/24,2023-08-26,Bochum,Dortmund,1,1,11,2,1,0.29534033396004883,0.23732834333436215,0.467331322705589,0.1528122390226943,0.24891649386165193,0.21106457058153744,0.5400189355568106,0.17678993583814426,0.20743533346964005,18.0
2023/24,2023-08-26,Darmstadt,Union Berlin,1,4,12,2,2,0.31881604110808415,0.24089583207710044,0.4402881268148155,0.20746052452614985,0.35068687817485905,0.26209384934855573,0.38721927247658516,0.2492407532740769,0.16299107618997488,18.0
2023/24,2023-08-26,FC Koln,Wolfsburg,1,2,13,2,2,0.39637815059093556,0.25084528356730695,0.35277656584175726,0.28800690599473966,0.43055014114815415,0.2492523512890747,0.3201975075627713,0.323752426383282,0.3575865916759421,18.0
2023/24,2023-08-26,M'gladbach,Leverkusen,0,3,14,2,2,0.40276332812161725,0.24705724554038602,0.35017942633799687,0.2922425382170083,0.4084936089476634,0.244381959002193,0.3471244320501438,0.296556767888467,0.131883060380216,18.0
2023/24,2023-08-26,Heidenheim,Hoffenheim,2,3,15,2,2,0.37880876749679504,0.24337154916012907,0.3778196833430759,0.26530221438387563,0.388445350616296,0.24005586127796427,0.37149878810573983,0.27295178188398544,0.20887488148749234,18.0
2023/24,2023-08-26,Freiburg,Werder Bremen,1,0,16,2,0,0.5566664793313093,0.22189662127031257,0.22143689939837824,0.12278945548183193,0.5214633383852655,0.23607956223587975,0.2424570993788547,0.1438913907742914,0.1221397642071565,18.0
2023/24,2023-08-27,Mainz,Ein Frankfurt,1,1,17,2,1,0.401867744556981,0.24915192732758934,0.3489803281154296,0.14164247676343394,0.38118047897594526,0.246606013702846,0.3722135073212089,0.14192072629234326,0.12688037935604712,18.0
2023/24,2023-08-27,Bayern Munich,Augsburg,3,1,18,2,0,0.575870678053336,0.21189105159184388,0.2122382703548204,0.11246538256907132,0.6698156008104257,0.18208668812943626,0.14809771106013805,0.06547733474471615,0.008886162353453316,18.0
2023/24,2023-09-01,Dortmund,Heidenheim,2,2,19,3,1,0.6009250420057342,0.20593970782389823,0.19313525017036773,0.1992060654839819,0.662782855988312,0.17523416898052005,0.1619829750311679,0.23275979919598577,0.29686660465962367,18.0
2023/24,2023-09-02,Hoffenheim,Wolfsburg,3,1,20,3,0,0.34217587637670366,0.22750205123582926,0.4303220723874672,0.30895483180230116,0.35974340560235185,0.22544919658961143,0.4148073978080366,0.29099684197297465,0.2623222807032422,18.0
2023/24,2023-09-02,Augsburg,Bochum,2,2,21,3,1,0.4800074982842927,0.23261464461444567,0.2873778571012617,0.1564966155806292,0.4413477403738077,0.24442768244933438,0.3142245771768578,0.14676245641752056,0.139348377124302,18.0
2023/24,2023-09-02,Leverkusen,Darmstadt,5,1,22,3,0,0.6481133079679596,0.183234108675763,0.16865258335627753,0.07613396895099905,0.6248349949168195,0.19408315642469962,0.18108184865848082,0.08676970847631792,0.024330630377926786,18.0
2023/24,2023-09-02,M'gladbach,Bayern Munich,1,2,23,3,2,0.3218644531511984,0.2359680509271317,0.44216749592167026,0.20738691440431006,0.26075723987515853,0.21722341401823786,0.5220193461066035,0.1482299218218349,0.031453662144829184,18.0
2023/24,2023-09-02,Werder Bremen,Mainz,4,0,24,3,0,0.3654882445370536,0.24241287214691146,0.39209888331603504,0.2781733510591758,0.39218922665472544,0.23908273967513483,0.3687280336701399,0.2526971495044142,0.2714401358708593,18.0
2023/24,2023-09-02,Stuttgart,Freiburg,5,0,25,3,0,0.4200784398005179,0.24701533656115796,0.332906223638324,0.22356778486066567,0.43702270462228354,0.25042876950228876,0.3125485258754277,0.20731500806885572,0.2197762915734319,18.0
2023/24,2023-09-03,Ein Frankfurt,FC Koln,1,1,26,3,1,0.5282902261175735,0.2297170722676728,0.24199270161475353,0.16882551532308207,0.4848647569107467,0.24195466328930967,0.27318057979994376,0.15486073083697544,0.13755450246081574,18.0
2023/24,2023-09-03,Union Berlin,RB Leipzig,0,3,27,3,2,0.3523494675478497,0.24132037435548406,0.40633015809666606,0.23829701423339122,0.2867632652462144,0.24554929019662686,0.46768744455715905,0.18279491348837934,0.1789521210541998,18.0
2023/24,2023-09-15,Bayern Munich,Leverkusen,2,2,28,4,1,0.5232354229826744,0.23741391831665254,0.23935065870067307,0.16553202284215215,0.6115620749414526,0.20769156431231,0.1807463607462375,0.20333870921485198,0.19935140298633555,18.0
2023/24,2023-09-16,FC Koln,Hoffenheim,1,3,29,4,2,0.4683653347059343,0.22989301199966972,0.3017416532943961,0.3534654027491227,0.4930884827283406,0.2286645145608105,0.27824700271084934,0.3820318204476052,0.33746063154456796,18.0
2023/24,2023-09-16,Freiburg,Dortmund,2,4,30,4,2,0.4980245766289539,0.23737276128751325,0.26460266208353284,0.39441886177053764,0.3780177493158404,0.24297632397635227,0.3790059267078071,0.26426552893092137,0.22563912720182797,18.0
2023/24,2023-09-16,Mainz,Stuttgart,1,3,31,4,2,0.4015390082655465,0.23372011360465988,0.3647408781297935,0.2823938635390922,0.4127743102284201,0.23578984924943422,0.3514358405221455,0.2955090500718818,0.2691563695626543,18.0
2023/24,2023-09-16,Wolfsburg,Union Berlin,2,1,32,4,0,0.5097896444604104,0.22510196919769143,0.26510838634189804,0.155294324593528,0.4767785230421521,0.24711093270589998,0.2761105442519476,0.17499887329852928,0.19388587698908927,18.0
2023/24,2023-09-16,Bochum,Ein Frankfurt,1,1,33,4,1,0.33477648852142816,0.25068539483698354,0.41453811664158857,0.14195857370774648,0.3461673684370572,0.2534033951695485,0.4004292363933941,0.1400877101646171,0.1272443361483333,18.0
2023/24,2023-09-16,RB Leipzig,Augsburg,3,0,34,4,0,0.4546285533080708,0.24451790088061726,0.30085354581131185,0.1939714354470435,0.5848751666641878,0.22241556768353657,0.19270926565227556,0.1047327441601626,0.03274147727806012,18.0
2023/24,2023-09-17,Heidenheim,Werder Bremen,4,2,35,4,0,0.37472409070396995,0.2684907343810301,0.3567851749149998,0.25913281189255216,0.35059665031857107,0.2644171876800029,0.38498616200142605,0.28496952775502427,0.2217814155564439,18.0
2023/24,2023-09-17,Darmstadt,M'gladbach,3,3,36,4,1,0.3662984286475272,0.2268210416177008,0.406880529734772,0.14986315215344811,0.34547216691300436,0.22554100810635447,0.42898682498064106,0.15169035705926903,0.13688171239109914,18.0
2023/24,2023-09-22,Stuttgart,Darmstadt,3,1,37,5,0,0.5971620320798409,0.19932425148390834,0.20351371643625077,0.10184813058786893,0.5922679693523587,0.20487518672551583,0.20285684392212563,0.10369815397104733,0.05241882086479928,18.0
2023/24,2023-09-23,Augsburg,Mainz,2,1,38,5,0,0.34448123553618915,0.2502223097985913,0.4052964546652193,0.29698503336417875,0.33456873073151366,0.24741247405497188,0.4180187952135146,0.30876924363601344,0.2485353527824571,18.0
2023/24,2023-09-23,Dortmund,Wolfsburg,1,0,39,5,0,0.4708980292328306,0.24387994794235776,0.28522202282481174,0.18065024888698997,0.5418865803616186,0.21867113081338505,0.2394422888249965,0.13360025746526233,0.12004540154254145,18.0
2023/24,2023-09-23,Bayern Munich,Bochum,7,0,40,5,0,0.6656547187587439,0.17998428789877952,0.15436099334247658,0.06780704167698536,0.7033093616014627,0.1603583728408204,0.13633226555771702,0.05330591077271571,0.010569427929713293,18.0
2023/24,2023-09-23,Werder Bremen,FC Koln,2,1,41,5,0,0.41702458452341634,0.24737298837274815,0.3356024271038355,0.22624466206404023,0.371751663672049,0.2568029539245855,0.37144538240336566,0.2663338221038103,0.2259149606064822,18.0
2023/24,2023-09-23,Union Berlin,Hoffenheim,0,2,42,5,2,0.4950660522699666,0.24420279430531547,0.2607311534247178,0.39580441181345855,0.47969532851866625,0.247950580409094,0.2723540910722401,0.3797880884909688,0.36559046176029636,18.0
2023/24,2023-09-23,M'gladbach,RB Leipzig,0,1,43,5,2,0.2791631701802069,0.2343511738722356,0.4864856559475574,0.17081452856633675,0.25807260850361596,0.21729705132178923,0.5246303401745946,0.14628889237119103,0.10489864865735392,18.0
2023/24,2023-09-24,Leverkusen,Heidenheim,4,1,44,5,0,0.7193626654580034,0.14729892448541493,0.13333841005658184,0.048268222567626806,0.7014884640319049,0.15713345517637187,0.14137808079172334,0.05454844941719117,0.021231910515044257,18.0
2023/24,2023-09-24,Ein Frankfurt,Freiburg,0,0,45,5,1,0.4899267870587312,0.2487381350062467,0.2613350779350218,0.15416213981849772,0.5131829742095977,0.2445703117433566,0.24224671404704595,0.16102011774259986,0.1366943649546577,18.0
2023/24,2023-08-18,Werder Bremen,Bayern Munich,0,4,1,1,2,0.31884594764719754,0.26061918816788027,0.42053486418492203,0.21872129097811296,0.24896531785232343,0.2428091475326848,0.5082255346149919,0.15191292714900956,0.04059595490627969,72.0
2023/24,2023-08-19,Augsburg,M'gladbach,4,4,2,1,1,0.4079382774840088,0.2641544096313336,0.32790731288465796,0.13696842203992848,0.3515344795610035,0.27000608518792524,0.3784594352510716,0.1334040172253927,0.13699698899954962,72.0
2023/24,2023-08-19,Hoffenheim,Freiburg,1,2,3,1,2,0.4172389674409944,0.26349190184491517,0.31926913071409047,0.3187414361749886,0.4193652329374588,0.2613092836303386,0.31932548343220274,0.3195924980507469,0.34762658303142585,72.0
2023/24,2023-08-19,Leverkusen,RB Leipzig,3,2,4,1,0,0.43299165806579776,0.26197124281015066,0.3050370991240514,0.20727304583249484,0.35392855977073606,0.2695147378709488,0.3765567023583153,0.2796016279854421,0.23620304373989626,72.0
2023/24,2023-08-19,Stuttgart,Bochum,5,0,5,1,0,0.48364644065430307,0.25390969448997036,0.2624438648557263,0.16774889022469053,0.5035835146176013,0.24832024732975747,0.24809623805264142,0.15399053514764305,0.12509317449152357,72.0
2023/24,2023-08-19,Wolfsburg,Heidenheim,2,0,6,1,0,0.5414884612541968,0.2393440648303017,0.21916747391550118,0.1291336063927731,0.5361998749204991,0.24002239464020864,0.22377773043929217,0.1325935143321606,0.10234931610306838,72.0
2023/24,2023-08-19,Dortmund,FC Koln,1,0,7,1,0,0.5182307375590622,0.24584637468292875,0.2359228877580087,0.14388061560048165,0.554034685146367,0.23098387803699014,0.21498143681664267,0.1225510401141241,0.07478159838260362,72.0
2023/24,2023-08-20,Union Berlin,Mainz,4,1,8,1,0,0.46386261322626726,0.25378213398635285,0.2823552527873797,0.18358389313659612,0.4374220373268914,0.2671333220942749,0.2954446405788336,0.20189074986609093,0.19395571880420354,72.0
2023/24,2023-08-20,Ein Frankfurt,Darmstadt,1,0,9,1,0,0.5712580811578823,0.22706742548303796,0.2016744933590796,0.11224611712203124,0.5669090655868253,0.23119297852786824,0.2018979558853067,0.11416527103077097,0.0712648894791625,72.0
2023/24,2023-08-25,RB Leipzig,Stuttgart,5,1,10,2,0,0.46079819484886503,0.25386372852783257,0.2853380766233023,0.18607820232466404,0.5346588949829638,0.24209757343916616,0.22324353157787027,0.1331900092049179,0.09948350616762874,72.0
2023/24,2023-08-26,Bochum,Dortmund,1,1,11,2,1,0.294792300445724,0.2472356274876357,0.45797207206664087,0.14832045959754697,0.2510455995799544,0.2208425702719876,0.5281118301480575,0.17096299910539503,0.20743533346964005,72.0
2023/24,2023-08-26,Darmstadt,Union Berlin,1,4,12,2,2,0.3243231756069707,0.2498223798733422,0.42585444451968707,0.2174143205567935,0.35244973803266394,0.2706981142354789,0.37685214773185705,0.2562670318128463,0.16299107618997488,72.0
2023/24,2023-08-26,FC Koln,Wolfsburg,1,2,13,2,2,0.3975510432228653,0.25752847739333135,0.34492047938380344,0.29358800514916716,0.4260497993691585,0.258561411038951,0.31538878959189065,0.32510547047947846,0.3575865916759421,72.0
2023/24,2023-08-26,M'gladbach,Leverkusen,0,3,14,2,2,0.4045066439737442,0.25499703702285026,0.34049631900340593,0.2992853651334796,0.4081588733715097,0.25296596792067144,0.3388751587078193,0.3018398608427558,0.131883060380216,72.0
2023/24,2023-08-26,Heidenheim,Hoffenheim,2,3,15,2,2,0.37922181414549483,0.25063148277819725,0.37014670307630804,0.2702621799847224,0.38693007544367247,0.24766829833201634,0.36540162622431116,0.2762149896407975,0.20887488148749234,72.0
2023/24,2023-08-26,Freiburg,Werder Bremen,1,0,16,2,0,0.5550317159263114,0.22832730718572225,0.21664097688796632,0.12246504334922761,0.5181052949492383,0.24332821864252369,0.23856648640823822,0.1445682375965663,0.1221397642071565,72.0
2023/24,2023-08-27,Mainz,Ein Frankfurt,1,1,17,2,1,0.4230536084579248,0.25746599410541143,0.31948039743666395,0.1405210399877799,0.39910914690683547,0.25558140426266984,0.3453094488304946,0.139263363298161,0.12688037935604712,72.0
2023/24,2023-08-27,Bayern Munich,Augsburg,3,1,18,2,0,0.5898973913439403,0.2148146162271592,0.19528799242890052,0.10316077480670782,0.6759923089359073,0.18530262182214596,0.1387050692419466,0.06211004005104887,0.008886162353453316,72.0
2023/24,2023-09-01,Dortmund,Heidenheim,2,2,19,3,1,0.594240289184017,0.21026920957928744,0.19549050123669562,0.1956690286816393,0.6562587372133935,0.18371464599932597,0.1600266167872807,0.22814202412465048,0.29686660465962367,72.0
2023/24,2023-09-02,Hoffenheim,Wolfsburg,3,1,20,3,0,0.36622127474984123,0.23326158168762068,0.400517143562538,0.28104472743360553,0.3626520546813936,0.23313662284386594,0.40421132247474034,0.28479959830931395,0.2623222807032422,72.0
2023/24,2023-09-02,Augsburg,Bochum,2,2,21,3,1,0.4943248950077778,0.24048260888893638,0.2651924961032858,0.15734208090697088,0.4478279093926947,0.2531425514559081,0.29902953915139735,0.1449842508580643,0.139348377124302,72.0
2023/24,2023-09-02,Leverkusen,Darmstadt,5,1,22,3,0,0.6411360750282059,0.19111657818242492,0.16774734678936917,0.07846124450051718,0.6199390087474399,0.20004044687574257,0.18002054437681744,0.08842687673480214,0.024330630377926786,72.0
2023/24,2023-09-02,M'gladbach,Bayern Munich,1,2,23,3,2,0.3158457440844971,0.24127176968506883,0.442882486230434,0.20506922910253608,0.26390885994921726,0.22552614597585402,0.5105649940749284,0.15459725569228505,0.031453662144829184,72.0
2023/24,2023-09-02,Werder Bremen,Mainz,4,0,24,3,0,0.3926642577483756,0.24921091201379908,0.3581248302378252,0.2485550489246013,0.3857834307835131,0.24557435942615244,0.3686422097903343,0.2565795363695862,0.2714401358708593,72.0
2023/24,2023-09-02,Stuttgart,Freiburg,5,0,25,3,0,0.42454612851551915,0.2582110087106341,0.31724286277384656,0.21589509609371155,0.45017115125939056,0.2560433270741522,0.29378552166645705,0.19431084782412816,0.2197762915734319,72.0
2023/24,2023-09-03,Ein Frankfurt,FC Koln,1,1,26,3,1,0.48851625564040957,0.2512070354303549,0.26027670892923566,0.15319604861797997,0.4724815623563579,0.25477514225557263,0.27274329538806913,0.14881386597292434,0.13755450246081574,72.0
2023/24,2023-09-03,Union Berlin,RB Leipzig,0,3,27,3,2,0.35983004422970905,0.24602783725667166,0.3941421185136194,0.2482707166447598,0.2759658115426904,0.2503247368191708,0.4737094516381388,0.17656943521772214,0.1789521210541998,72.0
2023/24,2023-09-15,Bayern Munich,Leverkusen,2,2,28,4,1,0.5298916740923842,0.23564638989046546,0.2344619360171504,0.1678787928566699,0.5695022973275883,0.2298273535481624,0.20067034912424914,0.18230072783952445,0.19935140298633555,72.0
2023/24,2023-09-16,FC Koln,Hoffenheim,1,3,29,4,2,0.46058197443125176,0.24403452869758294,0.29538349687116516,0.3543100858262487,0.48995926851646887,0.23644406826544623,0.27359666321808473,0.3838609462465469,0.33746063154456796,72.0
2023/24,2023-09-16,Freiburg,Dortmund,2,4,30,4,2,0.497906874647199,0.2410924999151039,0.2610006254376968,0.3970156657122082,0.3931697733913184,0.24356540779955205,0.36326481880912975,0.2800070808373757,0.22563912720182797,72.0
2023/24,2023-09-16,Mainz,Stuttgart,1,3,31,4,2,0.44170102586797694,0.2389329198817221,0.3193660542503014,0.32918118217981374,0.4190042373078663,0.23996691894230626,0.3410288437498272,0.304903767825818,0.2691563695626543,72.0
2023/24,2023-09-16,Wolfsburg,Union Berlin,2,1,32,4,0,0.4848107578414669,0.2324482456237469,0.2827409965347863,0.17268121317868385,0.496424793781274,0.24554278012970557,0.2580324260890205,0.16008436061580908,0.19388587698908927,72.0
2023/24,2023-09-16,Bochum,Ein Frankfurt,1,1,33,4,1,0.328120332497097,0.2626569762855232,0.40922269121738003,0.1375630818026002,0.3233687390094868,0.25631356076321843,0.42031770022729475,0.1406171552464738,0.1272443361483333,72.0
2023/24,2023-09-16,RB Leipzig,Augsburg,3,0,34,4,0,0.48383609572391373,0.24207415609296629,0.2740897481831203,0.1707751830683094,0.5984602893204164,0.2190840021030923,0.1824557085764909,0.09726211242239662,0.03274147727806012,72.0
2023/24,2023-09-17,Heidenheim,Werder Bremen,4,2,35,4,0,0.3754133597908793,0.2721059940004656,0.3524806462086552,0.2571755385396943,0.37286312302546254,0.26867863659769964,0.35845824037683816,0.2608964862777175,0.2217814155564439,72.0
2023/24,2023-09-17,Darmstadt,M'gladbach,3,3,36,4,1,0.3850724504151081,0.23806585201021732,0.3768616975746747,0.1451527655837807,0.36847486797217127,0.2341108565040468,0.3974142755237822,0.14685591735860076,0.13688171239109914,72.0
2023/24,2023-09-22,Stuttgart,Darmstadt,3,1,37,5,0,0.6082567743673388,0.20495340330996792,0.18678982232269323,0.09417659627621269,0.5680607786606573,0.22079268628865492,0.21114653505068778,0.11557717509757451,0.05241882086479928,72.0
2023/24,2023-09-23,Augsburg,Mainz,2,1,38,5,0,0.3625966011519226,0.24645814532997948,0.39094525351809767,0.2795606420557055,0.36651943541096776,0.25707923500627966,0.3764013295827527,0.27148779331185147,0.2485353527824571,72.0
2023/24,2023-09-23,Dortmund,Wolfsburg,1,0,39,5,0,0.47333092915218,0.24838071766611214,0.2782883531817082,0.1774123588521465,0.5527328476397041,0.21903830072665104,0.22822885163364487,0.1260681571492502,0.12004540154254145,72.0
2023/24,2023-09-23,Bayern Munich,Bochum,7,0,40,5,0,0.6329018942143387,0.20092469269423618,0.16617341309142517,0.08118731124493699,0.6999414952375074,0.1659999669738023,0.13405853778869065,0.05400339891717227,0.010569427929713293,72.0
2023/24,2023-09-23,Werder Bremen,FC Koln,2,1,41,5,0,0.4051547949206756,0.2599912554595339,0.3348539496197906,0.23298399279091841,0.40893955504410867,0.26294349556917146,0.32811694938671954,0.2285065910331518,0.2259149606064822,72.0
2023/24,2023-09-23,Union Berlin,Hoffenheim,0,2,42,5,2,0.49025122412578787,0.24518122700070188,0.2645675488735102,0.3906035764633751,0.4810186796440967,0.2591153383817611,0.25986598197414246,0.38958866740282544,0.36559046176029636,72.0
2023/24,2023-09-23,M'gladbach,RB Leipzig,0,1,43,5,2,0.2967765171738918,0.23564074728596732,0.46758273554014085,0.18577222232039245,0.27482573207833594,0.2242693845934774,0.5009048833281865,0.1623125592490221,0.10489864865735392,72.0
2023/24,2023-09-24,Leverkusen,Heidenheim,4,1,44,5,0,0.7168137229313191,0.15246832702091853,0.13071795004776252,0.04864082499235452,0.6889611900860017,0.16485230507363807,0.14618650484036033,0.059057817735078545,0.021231910515044257,72.0
2023/24,2023-09-24,Ein Frankfurt,Freiburg,0,0,45,5,1,0.5023304737179116,0.2534773450683328,0.2441921812137557,0.15598286309579656,0.4719617730464678,0.264831984727277,0.2632062422262551,0.14601272058201586,0.1366943649546577,72.0
2023/24,2023-08-18,Werder Bremen,Bayern Munich,0,4,1,1,2,0.31884594764719754,0.26061918816788027,0.42053486418492203,0.21872129097811296,0.24896531785232343,0.2428091475326848,0.5082255346149919,0.15191292714900956,0.04059595490627969,inf
2023/24,2023-08-19,Augsburg,M'gladbach,4,4,2,1,1,0.415791163727111,0.264100538373644,0.320108297899245,0.1376758071087485,0.35895789355259955,0.2707410730539672,0.3703010333934337,0.13298681233798199,0.13699698899954962,inf
2023/24,2023-08-19,Hoffenheim,Freiburg,1,2,3,1,2,0.42512037885933596,0.26331002823903693,0.3115695929016273,0.3273318809695684,0.4273086398466413,0.26111057301860696,0.31158078713475157,0.32825684316479725,0.34762658303142585,inf
2023/24,2023-08-19,Leverkusen,RB Leipzig,3,2,4,1,0,0.44090953575992275,0.2615782370071404,0.29751222723293663,0.2005478362786439,0.3613829148222923,0.270216930938266,0.3684001542394419,0.2717752275622581,0.23620304373989626,inf
2023/24,2023-08-19,Stuttgart,Bochum,5,0,5,1,0,0.49158317176362737,0.25289254049800275,0.25552428773837005,0.16189016642906723,0.5115260984591133,0.2470905156530887,0.24138338588779767,0.1484363457346167,0.12509317449152357,inf
2023/24,2023-08-19,Wolfsburg,Heidenheim,2,0,6,1,0,0.5492675504000232,0.23773407415945555,0.21299837544052155,0.12426402453134845,0.5440317167668354,0.23846597559358446,0.21750230763958006,0.12760716457157098,0.10234931610306838,inf
2023/24,2023-08-19,Dortmund,FC Koln,1,0,7,1,0,0.5260960042472049,0.24445792057407212,0.22944607517872312,0.1386152493026927,0.5619191814555469,0.2292909290556089,0.2087898894888443,0.11775401076467093,0.07478159838260362,inf
2023/24,2023-08-20,Union Berlin,Mainz,4,1,8,1,0,0.46129814719223455,0.258639355090984,0.28006249771678166,0.18431734442294076,0.4350588739840859,0.27213985954957587,0.29280126646633875,0.20244552875421024,0.19395571880420354,inf
2023/24,2023-08-20,Ein Frankfurt,Darmstadt,1,0,9,1,0,0.5672097472336426,0.23196841142791771,0.20082184133843983,0.1138184074240645,0.5628357897570176,0.2361519999850411,0.2010122102579411,0.11575922769507663,0.0712648894791625,inf
2023/24,2023-08-25,RB Leipzig,Stuttgart,5,1,10,2,0,0.4606107838615289,0.2592708821582689,0.28011833398020236,0.18470350375915917,0.5326108957417323,0.24612696207536539,0.2212621421829023,0.1337047551713564,0.09948350616762874,inf
2023/24,2023-08-26,Bochum,Dortmund,1,1,11,2,1,0.2967829087752718,0.2511280268872406,0.45208906433748736,0.14623230851732813,0.2524606744387373,0.22579472750392243,0.5217445980573401,0.16797690887003885,0.20743533346964005,inf
2023/24,2023-08-26,Darmstadt,Union Berlin,1,4,12,2,2,0.32230029629855333,0.25419646365697857,0.42350324004446793,0.21811299761668074,0.3510255809249098,0.2763588218255748,0.37261559724951554,0.25841507363912636,0.16299107618997488,inf
2023/24,2023-08-26,FC Koln,Wolfsburg,1,2,13,2,2,0.3927095190290183,0.26173499772441505,0.3455554832465665,0.2912591959223189,0.4278752022039323,0.2630763166987326,0.3090484810973346,0.33024559506747786,0.3575865916759421,inf
2023/24,2023-08-26,M'gladbach,Leverkusen,0,3,14,2,2,0.4001098793997312,0.2589182961111245,0.3409718244891442,0.2972030258552173,0.40648869373016905,0.2577843553525749,0.3357269509172562,0.3032458709340724,0.131883060380216,inf
2023/24,2023-08-26,Heidenheim,Hoffenheim,2,3,15,2,2,0.3814056436330139,0.2541132288046689,0.3644811275623171,0.27467725110978863,0.3850524116920342,0.2529426277835991,0.36200496052436654,0.2776515150726833,0.20887488148749234,inf
2023/24,2023-08-26,Freiburg,Werder Bremen,1,0,16,2,0,0.5523890703804607,0.2321408078570155,0.2154701217625239,0.1233914588436125,0.5182644861255836,0.24722198747978932,0.23451352639462722,0.14353284969494573,0.1221397642071565,inf
2023/24,2023-08-27,Mainz,Ein Frankfurt,1,1,17,2,1,0.4307010884031328,0.2627306732130409,0.3065682383838262,0.13974375616870288,0.4051285323141187,0.2617130022650738,0.33315846542080757,0.13756184538826965,0.12688037935604712,inf
2023/24,2023-08-27,Bayern Munich,Augsburg,3,1,18,2,0,0.5938790921192783,0.21843314200248706,0.18768776587823474,0.10008044463911235,0.6775762584444455,0.188805223541757,0.13361851801379748,0.06090548873744328,0.008886162353453316,inf
2023/24,2023-09-01,Dortmund,Heidenheim,2,2,19,3,1,0.590377204798691,0.21882200527581144,0.1908007899254976,0.1924750926910547,0.648984979246123,0.19395842019887732,0.1570566005549998,0.22292413953249168,0.29686660465962367,inf
2023/24,2023-09-02,Hoffenheim,Wolfsburg,3,1,20,3,0,0.3660141215161421,0.2414716807955955,0.3925141976882625,0.2780027447519047,0.3672026724888158,0.24180963723316085,0.3909876902780233,0.27665191582712023,0.2623222807032422,inf
2023/24,2023-09-02,Augsburg,Bochum,2,2,21,3,1,0.5067102135412044,0.2426047367399825,0.2506850497188134,0.15979911732974839,0.46239923532914146,0.2583463347217101,0.2792544299491485,0.14589804473959928,0.139348377124302,inf
2023/24,2023-09-02,Leverkusen,Darmstadt,5,1,22,3,0,0.6485718773678539,0.19553921837085184,0.15588890426129423,0.07390153792427082,0.6289889808233434,0.20312961159325402,0.16788140758340253,0.08291667168134298,0.024330630377926786,inf
2023/24,2023-09-02,M'gladbach,Bayern Munich,1,2,23,3,2,0.34444372238244364,0.2487151406576254,0.4068411369599309,0.23523945734583065,0.28017466022150006,0.24030669735799262,0.4795186424205071,0.17469934190901237,0.031453662144829184,inf
2023/24,2023-09-02,Werder Bremen,Mainz,4,0,24,3,0,0.3766356052742291,0.2534068212673162,0.369957573458455,0.2627258873855473,0.3901840278024422,0.251281328834228,0.35853464336332963,0.25021130521946133,0.2714401358708593,inf
2023/24,2023-09-02,Stuttgart,Freiburg,5,0,25,3,0,0.42684769798678207,0.26177197819002834,0.31138032382319003,0.21273063368364267,0.45131126238629693,0.2630499677944169,0.285638769819286,0.19132441880399714,0.2197762915734319,inf
2023/24,2023-09-03,Ein Frankfurt,FC Koln,1,1,26,3,1,0.5117163104086239,0.24943584172916639,0.23884784786220992,0.1594509383833122,0.47711165685497003,0.26176582248350233,0.2611225206615278,0.1479102519517623,0.13755450246081574,inf
2023/24,2023-09-03,Union Berlin,RB Leipzig,0,3,27,3,2,0.35069940562331714,0.24750163918616191,0.40179895519052117,0.24041728155785014,0.282036413600831,0.26080971794404684,0.4571538684551219,0.18711323056502888,0.1789521210541998,inf
2023/24,2023-09-15,Bayern Munich,Leverkusen,2,2,28,4,1,0.5171355219426739,0.25033155272711033,0.23253292533021552,0.16075035470877472,0.5805670127349729,0.22957542042854198,0.18985756683648533,0.18655197598054032,0.19935140298633555,inf
2023/24,2023-09-16,FC Koln,Hoffenheim,1,3,29,4,2,0.4588982208996514,0.2453858145255773,0.29571596457477106,0.353301789849855,0.48695405657849095,0.23963496539701903,0.27341097802448977,0.38252793003678814,0.33746063154456796,inf
2023/24,2023-09-16,Freiburg,Dortmund,2,4,30,4,2,0.4569640923138056,0.263744778392811,0.27929112929338357,0.36411872898969344,0.3918268438745309,0.2597665434375087,0.3484066126879607,0.28905110898472686,0.22563912720182797,inf
2023/24,2023-09-16,Mainz,Stuttgart,1,3,31,4,2,0.42869273181997297,0.24476932455813294,0.32653794362189437,0.31866429984814926,0.41746651865058126,0.2474559800555646,0.3350775012938541,0.30820011173993034,0.2691563695626543,inf
2023/24,2023-09-16,Wolfsburg,Union Berlin,2,1,32,4,0,0.4854039402801855,0.24132186533724012,0.27327419438257416,0.16974394499730194,0.4646536504490119,0.2567914697079462,0.2785548798430417,0.1820942675309701,0.19388587698908927,inf
2023/24,2023-09-16,Bochum,Ein Frankfurt,1,1,33,4,1,0.35476336747852627,0.2812341100960533,0.3640025224254207,0.1291774416183863,0.3405126364253801,0.26841981442915236,0.3910675491454675,0.13444134178000292,0.1272443361483333,inf
2023/24,2023-09-16,RB Leipzig,Augsburg,3,0,34,4,0,0.5059305796203611,0.246689421275674,0.24737999910396466,0.152650728055475,0.5901136676264186,0.22853905145729875,0.1813472809162827,0.10044682088119758,0.03274147727806012,inf
2023/24,2023-09-17,Heidenheim,Werder Bremen,4,2,35,4,0,0.3830288901423528,0.2806620081202649,0.3363091017373824,0.24687858115519093,0.3921372466299974,0.2740368046245186,0.33382594874548377,0.24046844549519156,0.2217814155564439,inf
2023/24,2023-09-17,Darmstadt,M'gladbach,3,3,36,4,1,0.4193294903199595,0.23822146280239476,0.3424490468776459,0.14655428557970251,0.39040567459717757,0.2422103444115736,0.36738398099124914,0.14369379012332778,0.13688171239109914,inf
2023/24,2023-09-22,Stuttgart,Darmstadt,3,1,37,5,0,0.620568239190718,0.20703542540664477,0.1723963354026372,0.08684447878554538,0.5891248128280095,0.21870122900421204,0.19217395816777844,0.10287462481574461,0.05241882086479928,inf
2023/24,2023-09-23,Augsburg,Mainz,2,1,38,5,0,0.35538162363150466,0.2500781071420413,0.39454026922645424,0.28559743759661904,0.375045882364407,0.25890149134896034,0.366052626286633,0.2622810871805119,0.2485353527824571,inf
2023/24,2023-09-23,Dortmund,Wolfsburg,1,0,39,5,0,0.4900812845795004,0.25240631301114747,0.2575124024093523,0.16316486686536427,0.5368544038723851,0.2342765558446755,0.22886904028293942,0.13344244040621875,0.12004540154254145,inf
2023/24,2023-09-23,Bayern Munich,Bochum,7,0,40,5,0,0.6279580002170524,0.2112769136536966,0.16076508612925117,0.08213033126032014,0.6965498573906332,0.17448948170435843,0.12896066090500835,0.05435642055535079,0.010569427929713293,inf
2023/24,2023-09-23,Werder Bremen,FC Koln,2,1,41,5,0,0.44786513135053374,0.25644104883908664,0.29569381981037945,0.1961438741263083,0.40304194511127794,0.26389581565522735,0.33306223923349465,0.23364468724987814,0.2259149606064822,inf
2023/24,2023-09-23,Union Berlin,Hoffenheim,0,2,42,5,2,0.5524473475967646,0.23468636583916766,0.21286628656406786,0.4623887773470704,0.501604427632499,0.25678569289152525,0.24160987947597556,0.4133812883644854,0.36559046176029636,inf
2023/24,2023-09-23,M'gladbach,RB Leipzig,0,1,43,5,2,0.31431066326631885,0.2380635584511507,0.4476257782825306,0.20195423693044673,0.2731246172205557,0.23929914867640537,0.48757623410303874,0.1685875861939493,0.10489864865735392,inf
2023/24,2023-09-24,Leverkusen,Heidenheim,4,1,44,5,0,0.7217749773737037,0.14963856637812334,0.12858645624817308,0.04697181997293321,0.6859780283413162,0.1683247598289971,0.14569721182968687,0.05991873810967593,0.021231910515044257,inf
2023/24,2023-09-24,Ein Frankfurt,Freiburg,0,0,45,5,1,0.4831153794995773,0.26381499305234335,0.25306962744807926,0.14872235312286514,0.5177145020065731,0.25719915791441206,0.2250863400790149,0.15934608303903994,0.1366943649546577,inf
